-- phpMyAdmin SQL Dump
-- version 5.1.0
-- https://www.phpmyadmin.net/
--
-- Host: localhost
-- Tempo de geração: 18-Abr-2021 às 14:41
-- Versão do servidor: 10.4.18-MariaDB
-- versão do PHP: 7.4.16

SET SQL_MODE = "NO_AUTO_VALUE_ON_ZERO";
START TRANSACTION;
SET time_zone = "+00:00";


/*!40101 SET @OLD_CHARACTER_SET_CLIENT=@@CHARACTER_SET_CLIENT */;
/*!40101 SET @OLD_CHARACTER_SET_RESULTS=@@CHARACTER_SET_RESULTS */;
/*!40101 SET @OLD_COLLATION_CONNECTION=@@COLLATION_CONNECTION */;
/*!40101 SET NAMES utf8mb4 */;

--
-- Banco de dados: `xpto_monitor`
--

-- --------------------------------------------------------

--
-- Estrutura da tabela `psm_config`
--

CREATE TABLE `psm_config` (
  `key` varchar(255) NOT NULL,
  `value` varchar(255) NOT NULL
) ENGINE=MyISAM DEFAULT CHARSET=utf8;

--
-- Extraindo dados da tabela `psm_config`
--

INSERT INTO `psm_config` (`key`, `value`) VALUES
('language', 'pt_BR'),
('proxy', '0'),
('proxy_url', ''),
('proxy_user', ''),
('proxy_password', ''),
('email_status', '1'),
('email_from_email', 'monitor@example.org'),
('email_from_name', 'Server Monitor'),
('email_smtp', '0'),
('email_smtp_host', ''),
('email_smtp_port', ''),
('email_smtp_security', ''),
('email_smtp_username', ''),
('email_smtp_password', ''),
('sms_status', '0'),
('sms_gateway', 'messagebird'),
('sms_gateway_username', 'username'),
('sms_gateway_password', 'password'),
('sms_from', '1234567890'),
('webhook_status', '1'),
('pushover_status', '0'),
('pushover_api_token', ''),
('telegram_status', '0'),
('telegram_api_token', ''),
('jabber_status', '1'),
('jabber_host', ''),
('jabber_port', ''),
('jabber_username', ''),
('jabber_domain', ''),
('jabber_password', ''),
('password_encrypt_key', '58f791dcb09d4d7c2884d731bdf8799b5cefa4c0'),
('alert_type', 'status'),
('log_status', '1'),
('log_email', '1'),
('log_sms', '1'),
('log_pushover', '1'),
('log_webhook', '1'),
('log_telegram', '1'),
('log_jabber', '1'),
('discord_status', '0'),
('log_jdiscord', '1'),
('log_retention_period', '365'),
('version', '3.6.0.beta2'),
('version_update_check', '3.5.2'),
('auto_refresh_servers', '60'),
('show_update', '0'),
('last_update_check', '1617773292'),
('cron_running', '0'),
('cron_running_time', '1618765502'),
('cron_off_running', '0'),
('cron_off_running_time', '0'),
('site_title', 'XPTO Monitor'),
('authdir_defaultrole', '20'),
('authdir_type', 'openldap'),
('log_discord', '0'),
('combine_notifications', '0'),
('dirauth_status', '0'),
('authdir_ldapfollowref', '0'),
('user_agent', 'Mozilla/5.0 (compatible; xptomonitor/3.6.0.beta2; +https://xpto.myhubdns.us)'),
('authdir_host_locn', ''),
('authdir_host_port', ''),
('authdir_userdomain', ''),
('authdir_ldapver', ''),
('authdir_basedn', ''),
('authdir_usernameattrib', ''),
('authdir_groupnameattrib', ''),
('authdir_groupmemattrib', ''),
('authdir_usercontainerrdn', ''),
('authdir_groupcontainerrdn', ''),
('authdir_groupname', '');

-- --------------------------------------------------------

--
-- Estrutura da tabela `psm_log`
--

CREATE TABLE `psm_log` (
  `log_id` int(11) UNSIGNED NOT NULL,
  `server_id` int(11) UNSIGNED NOT NULL,
  `type` enum('status','email','sms','discord','pushover','webhook','telegram','jabber') NOT NULL,
  `message` text NOT NULL,
  `datetime` timestamp NOT NULL DEFAULT current_timestamp()
) ENGINE=MyISAM DEFAULT CHARSET=utf8;

--
-- Extraindo dados da tabela `psm_log`
--

INSERT INTO `psm_log` (`log_id`, `server_id`, `type`, `message`, `datetime`) VALUES
(34, 5, 'email', 'Falha ao conectar ao servidor:<br><br>Servidor: Servidor de Pesquisas - Google<br>IP: https://google.com<br>Porta:\n 443<br>Erro: TIMEOUT ERROR: no response from server<br>Data: 2021-04-08 00:06:51', '2021-04-08 04:06:51'),
(33, 5, 'status', 'Servidor \'Servidor de Pesquisas - Google\' está OFFLINE: ip=https://google.com, porta=443. Erro=TIMEOUT ERROR: no response from server', '2021-04-08 04:06:51'),
(31, 4, 'email', 'Falha ao conectar ao servidor:<br><br>Servidor: Servidor Web<br>IP: http://myhubdns.us<br>Porta:\n 80<br>Erro: TIMEOUT ERROR: no response from server<br>Data: 2021-04-08 00:05:41', '2021-04-08 04:05:41'),
(32, 4, 'webhook', 'Failed to connect to the following server:\n\nServer: Servidor Web\nIP:\n http://myhubdns.us\nPort: 80\nError: TIMEOUT ERROR: no response from server\nDate: 2021-04-08 00:05:41', '2021-04-08 04:05:41'),
(30, 4, 'status', 'Servidor \'Servidor Web\' está OFFLINE: ip=http://myhubdns.us, porta=80. Erro=TIMEOUT ERROR: no response from server', '2021-04-08 04:05:41'),
(29, 7, 'webhook', 'Failed to connect to the following server:\n\nServer: Serviço de DNS - Cloudflare\nIP:\n 1.1.1.121\nPort: 53\nError: Connection timed out\nDate: 2021-04-07 21:15:18', '2021-04-08 01:15:18'),
(28, 7, 'email', 'Falha ao conectar ao servidor:<br><br>Servidor: Serviço de DNS - Cloudflare<br>IP: 1.1.1.121<br>Porta:\n 53<br>Erro: Connection timed out<br>Data: 2021-04-07 21:15:16', '2021-04-08 01:15:16'),
(25, 9, 'status', 'Servidor \'Servidor VMWARE\' está OFFLINE: ip=192.254.65.250, porta=0. Erro=', '2021-04-07 09:09:47'),
(26, 9, 'status', 'Servidor \'Servidor VMWARE\' esta ONLINE: ip=192.254.65.250, porta=80, it was down for 2 minutes 43 segundos', '2021-04-07 09:12:30'),
(27, 7, 'status', 'Servidor \'Serviço de DNS - Cloudflare\' está OFFLINE: ip=1.1.1.121, porta=53. Erro=Connection timed out', '2021-04-08 01:15:16'),
(35, 5, 'webhook', 'Failed to connect to the following server:\n\nServer: Servidor de Pesquisas - Google\nIP:\n https://google.com\nPort: 443\nError: TIMEOUT ERROR: no response from server\nDate: 2021-04-08 00:06:51', '2021-04-08 04:06:51'),
(36, 6, 'status', 'Servidor \'Serviço de DNS - Google\' está OFFLINE: ip=8.8.8.8, porta=53. Erro=Connection timed out', '2021-04-08 04:07:11'),
(37, 6, 'email', 'Falha ao conectar ao servidor:<br><br>Servidor: Serviço de DNS - Google<br>IP: 8.8.8.8<br>Porta:\n 53<br>Erro: Connection timed out<br>Data: 2021-04-08 00:07:11', '2021-04-08 04:07:11'),
(38, 6, 'webhook', 'Failed to connect to the following server:\n\nServer: Serviço de DNS - Google\nIP:\n 8.8.8.8\nPort: 53\nError: Connection timed out\nDate: 2021-04-08 00:07:11', '2021-04-08 04:07:11'),
(39, 9, 'status', 'Servidor \'Servidor VMWARE\' está OFFLINE: ip=192.254.65.250, porta=80. Erro=Connection timed out', '2021-04-08 04:07:51'),
(40, 9, 'email', 'Falha ao conectar ao servidor:<br><br>Servidor: Servidor VMWARE<br>IP: 192.254.65.250<br>Porta:\n 80<br>Erro: Connection timed out<br>Data: 2021-04-08 00:07:51', '2021-04-08 04:07:51'),
(41, 9, 'webhook', 'Failed to connect to the following server:\n\nServer: Servidor VMWARE\nIP:\n 192.254.65.250\nPort: 80\nError: Connection timed out\nDate: 2021-04-08 00:07:51', '2021-04-08 04:07:51'),
(42, 4, 'status', 'Servidor \'Servidor Web\' esta ONLINE: ip=http://myhubdns.us, porta=80, it was down for 58 minutes 21 segundos', '2021-04-08 05:04:02'),
(43, 4, 'email', 'Servidor \'Servidor Web\' esta ONLINE novamente, it was down for\n 58 minutes 21 segundos:<br><br>Servidor: Servidor Web<br>IP: http://myhubdns.us<br>Porta: 80<br>Data:\n 2021-04-08 01:04:02', '2021-04-08 05:04:02'),
(44, 4, 'webhook', 'Server \'Servidor Web\' is running again, it was down for\n 58 minutes 21 segundos:\n\nServer: Servidor Web\nIP: http://myhubdns.us\nPort: 80\nDate:\n 2021-04-08 01:04:02', '2021-04-08 05:04:02'),
(45, 5, 'status', 'Servidor \'Servidor de Pesquisas - Google\' esta ONLINE: ip=https://google.com, porta=443, it was down for 57 minutes 12 segundos', '2021-04-08 05:04:03'),
(46, 5, 'email', 'Servidor \'Servidor de Pesquisas - Google\' esta ONLINE novamente, it was down for\n 57 minutes 12 segundos:<br><br>Servidor: Servidor de Pesquisas - Google<br>IP: https://google.com<br>Porta: 443<br>Data:\n 2021-04-08 01:04:03', '2021-04-08 05:04:03'),
(47, 5, 'webhook', 'Server \'Servidor de Pesquisas - Google\' is running again, it was down for\n 57 minutes 12 segundos:\n\nServer: Servidor de Pesquisas - Google\nIP: https://google.com\nPort: 443\nDate:\n 2021-04-08 01:04:03', '2021-04-08 05:04:03'),
(48, 6, 'status', 'Servidor \'Serviço de DNS - Google\' esta ONLINE: ip=8.8.8.8, porta=53, it was down for 56 minutes 52 segundos', '2021-04-08 05:04:03'),
(49, 6, 'email', 'Servidor \'Serviço de DNS - Google\' esta ONLINE novamente, it was down for\n 56 minutes 52 segundos:<br><br>Servidor: Serviço de DNS - Google<br>IP: 8.8.8.8<br>Porta: 53<br>Data:\n 2021-04-08 01:04:03', '2021-04-08 05:04:03'),
(50, 6, 'webhook', 'Server \'Serviço de DNS - Google\' is running again, it was down for\n 56 minutes 52 segundos:\n\nServer: Serviço de DNS - Google\nIP: 8.8.8.8\nPort: 53\nDate:\n 2021-04-08 01:04:03', '2021-04-08 05:04:03'),
(51, 9, 'status', 'Servidor \'Servidor VMWARE\' esta ONLINE: ip=192.254.65.250, porta=80, it was down for 56 minutes 32 segundos', '2021-04-08 05:04:23'),
(52, 9, 'email', 'Servidor \'Servidor VMWARE\' esta ONLINE novamente, it was down for\n 56 minutes 32 segundos:<br><br>Servidor: Servidor VMWARE<br>IP: 192.254.65.250<br>Porta: 80<br>Data:\n 2021-04-08 01:04:23', '2021-04-08 05:04:23'),
(53, 9, 'webhook', 'Server \'Servidor VMWARE\' is running again, it was down for\n 56 minutes 32 segundos:\n\nServer: Servidor VMWARE\nIP: 192.254.65.250\nPort: 80\nDate:\n 2021-04-08 01:04:23', '2021-04-08 05:04:23'),
(54, 9, 'status', 'Servidor \'Servidor VMWARE\' está OFFLINE: ip=192.254.65.250, porta=80. Erro=Connection timed out', '2021-04-09 09:04:42'),
(55, 9, 'email', 'Falha ao conectar ao servidor:<br><br>Servidor: Servidor VMWARE<br>IP: 192.254.65.250<br>Porta:\n 80<br>Erro: Connection timed out<br>Data: 2021-04-09 05:04:42', '2021-04-09 09:04:42'),
(56, 9, 'webhook', 'Failed to connect to the following server:\n\nServer: Servidor VMWARE\nIP:\n 192.254.65.250\nPort: 80\nError: Connection timed out\nDate: 2021-04-09 05:04:42', '2021-04-09 09:04:42'),
(57, 4, 'status', 'Servidor \'Servidor Web\' está OFFLINE: ip=http://myhubdns.us, porta=80. Erro=HTTP STATUS ERROR: 502 Bad Gateway', '2021-04-10 01:04:03'),
(58, 4, 'email', 'Falha ao conectar ao servidor:<br><br>Servidor: Servidor Web<br>IP: http://myhubdns.us<br>Porta:\n 80<br>Erro: HTTP STATUS ERROR: 502 Bad Gateway<br>Data: 2021-04-09 21:04:03', '2021-04-10 01:04:03'),
(59, 4, 'webhook', 'Failed to connect to the following server:\n\nServer: Servidor Web\nIP:\n http://myhubdns.us\nPort: 80\nError: HTTP STATUS ERROR: 502 Bad Gateway\nDate: 2021-04-09 21:04:04', '2021-04-10 01:04:04'),
(60, 4, 'status', 'Servidor \'Servidor Web\' esta ONLINE: ip=http://myhubdns.us, porta=80, it was down for 2 hours 59 minutes 59 segundos', '2021-04-10 03:04:02'),
(61, 4, 'email', 'Servidor \'Servidor Web\' esta ONLINE novamente, it was down for\n 2 hours 59 minutes 59 segundos:<br><br>Servidor: Servidor Web<br>IP: http://myhubdns.us<br>Porta: 80<br>Data:\n 2021-04-10 00:04:02', '2021-04-10 03:04:02'),
(62, 4, 'webhook', 'Server \'Servidor Web\' is running again, it was down for\n 2 hours 59 minutes 59 segundos:\n\nServer: Servidor Web\nIP: http://myhubdns.us\nPort: 80\nDate:\n 2021-04-10 00:04:02', '2021-04-10 03:04:02'),
(63, 4, 'status', 'Servidor \'Servidor Web\' está OFFLINE: ip=http://myhubdns.us, porta=80. Erro=TIMEOUT ERROR: no response from server', '2021-04-10 04:04:02'),
(64, 4, 'email', 'Falha ao conectar ao servidor:<br><br>Servidor: Servidor Web<br>IP: http://myhubdns.us<br>Porta:\n 80<br>Erro: TIMEOUT ERROR: no response from server<br>Data: 2021-04-10 01:04:02', '2021-04-10 04:04:02'),
(65, 4, 'webhook', 'Failed to connect to the following server:\n\nServer: Servidor Web\nIP:\n http://myhubdns.us\nPort: 80\nError: TIMEOUT ERROR: no response from server\nDate: 2021-04-10 01:04:02', '2021-04-10 04:04:02'),
(66, 4, 'status', 'Servidor \'Servidor Web\' esta ONLINE: ip=http://myhubdns.us, porta=80, it was down for 48 minutes 21 segundos', '2021-04-10 04:52:23'),
(67, 4, 'email', 'Servidor \'Servidor Web\' esta ONLINE novamente, it was down for\n 48 minutes 21 segundos:<br><br>Servidor: Servidor Web<br>IP: http://myhubdns.us<br>Porta: 80<br>Data:\n 2021-04-10 01:52:23', '2021-04-10 04:52:23'),
(68, 4, 'webhook', 'Server \'Servidor Web\' is running again, it was down for\n 48 minutes 21 segundos:\n\nServer: Servidor Web\nIP: http://myhubdns.us\nPort: 80\nDate:\n 2021-04-10 01:52:24', '2021-04-10 04:52:24'),
(69, 4, 'status', 'Servidor \'Servidor Web\' está OFFLINE: ip=http://myhubdns.us, porta=80. Erro=TIMEOUT ERROR: no response from server', '2021-04-11 01:04:02'),
(70, 4, 'email', 'Falha ao conectar ao servidor:<br><br>Servidor: Servidor Web<br>IP: http://myhubdns.us<br>Porta:\n 80<br>Erro: TIMEOUT ERROR: no response from server<br>Data: 2021-04-10 22:04:02', '2021-04-11 01:04:02'),
(71, 4, 'webhook', 'Failed to connect to the following server:\n\nServer: Servidor Web\nIP:\n http://myhubdns.us\nPort: 80\nError: TIMEOUT ERROR: no response from server\nDate: 2021-04-10 22:04:02', '2021-04-11 01:04:02'),
(72, 4, 'status', 'Servidor \'Servidor Web\' esta ONLINE: ip=https://myhubdns.us, porta=443, it was down for 2 days 23 hours 20 minutes 41 segundos', '2021-04-14 00:24:43'),
(73, 4, 'email', 'Servidor \'Servidor Web\' esta ONLINE novamente, it was down for\n 2 days 23 hours 20 minutes 41 segundos:<br><br>Servidor: Servidor Web<br>IP: https://myhubdns.us<br>Porta: 443<br>Data:\n 2021-04-13 21:24:43', '2021-04-14 00:24:43'),
(74, 4, 'webhook', 'Server \'Servidor Web\' is running again, it was down for\n 2 days 23 hours 20 minutes 41 segundos:\n\nServer: Servidor Web\nIP: https://myhubdns.us\nPort: 443\nDate:\n 2021-04-13 21:24:44', '2021-04-14 00:24:44'),
(75, 7, 'status', 'Servidor \'Serviço de DNS - Cloudflare\' esta ONLINE: ip=1.1.1.1, porta=53, it was down for 6 days 9 minutes 28 segundos', '2021-04-14 00:24:44'),
(76, 7, 'email', 'Servidor \'Serviço de DNS - Cloudflare\' esta ONLINE novamente, it was down for\n 6 days 9 minutes 28 segundos:<br><br>Servidor: Serviço de DNS - Cloudflare<br>IP: 1.1.1.1<br>Porta: 53<br>Data:\n 2021-04-13 21:24:44', '2021-04-14 00:24:44'),
(77, 7, 'webhook', 'Server \'Serviço de DNS - Cloudflare\' is running again, it was down for\n 6 days 9 minutes 28 segundos:\n\nServer: Serviço de DNS - Cloudflare\nIP: 1.1.1.1\nPort: 53\nDate:\n 2021-04-13 21:24:44', '2021-04-14 00:24:44'),
(78, 9, 'status', 'Servidor \'Servidor VMWARE\' esta ONLINE: ip=170.249.210.251, porta=80, it was down for 4 days 16 hours 56 minutes 2 segundos', '2021-04-14 01:00:44'),
(79, 9, 'email', 'Servidor \'Servidor VMWARE\' esta ONLINE novamente, it was down for\n 4 days 16 hours 56 minutes 2 segundos:<br><br>Servidor: Servidor VMWARE<br>IP: 170.249.210.251<br>Porta: 80<br>Data:\n 2021-04-13 22:00:44', '2021-04-14 01:00:44'),
(80, 9, 'webhook', 'Server \'Servidor VMWARE\' is running again, it was down for\n 4 days 16 hours 56 minutes 2 segundos:\n\nServer: Servidor VMWARE\nIP: 170.249.210.251\nPort: 80\nDate:\n 2021-04-13 22:00:44', '2021-04-14 01:00:44'),
(81, 7, 'status', 'Servidor \'Serviço de DNS - Cloudflare\' está OFFLINE: ip=1.1.1.12, porta=53. Erro=Connection timed out', '2021-04-14 02:25:57'),
(82, 7, 'email', 'Falha ao conectar ao servidor:<br><br>Servidor: Serviço de DNS - Cloudflare<br>IP: 1.1.1.12<br>Porta:\n 53<br>Erro: Connection timed out<br>Data: 2021-04-13 23:25:57', '2021-04-14 02:25:57'),
(83, 7, 'webhook', 'Failed to connect to the following server:\n\nServer: Serviço de DNS - Cloudflare\nIP:\n 1.1.1.12\nPort: 53\nError: Connection timed out\nDate: 2021-04-13 23:25:58', '2021-04-14 02:25:58');

-- --------------------------------------------------------

--
-- Estrutura da tabela `psm_log_users`
--

CREATE TABLE `psm_log_users` (
  `log_id` int(11) UNSIGNED NOT NULL,
  `user_id` int(11) UNSIGNED NOT NULL
) ENGINE=MyISAM DEFAULT CHARSET=utf8;

--
-- Extraindo dados da tabela `psm_log_users`
--

INSERT INTO `psm_log_users` (`log_id`, `user_id`) VALUES
(15, 1),
(16, 1),
(19, 1),
(20, 1),
(22, 1),
(23, 1),
(28, 3),
(31, 1),
(31, 3),
(32, 1),
(34, 3),
(37, 3),
(40, 3),
(43, 1),
(43, 3),
(44, 1),
(46, 3),
(49, 3),
(52, 3),
(55, 3),
(58, 1),
(58, 3),
(59, 1),
(61, 1),
(61, 3),
(62, 1),
(64, 1),
(64, 3),
(65, 1),
(67, 1),
(67, 3),
(68, 1),
(70, 1),
(70, 3),
(71, 1),
(73, 1),
(73, 3),
(74, 1),
(76, 3),
(79, 3),
(79, 4),
(82, 3),
(82, 4);

-- --------------------------------------------------------

--
-- Estrutura da tabela `psm_servers`
--

CREATE TABLE `psm_servers` (
  `server_id` int(11) UNSIGNED NOT NULL,
  `ip` varchar(500) NOT NULL,
  `port` int(5) NOT NULL,
  `request_method` varchar(50) DEFAULT NULL,
  `label` varchar(255) NOT NULL,
  `type` enum('ping','service','website') NOT NULL DEFAULT 'service',
  `pattern` varchar(255) NOT NULL DEFAULT '',
  `pattern_online` enum('yes','no') NOT NULL DEFAULT 'yes',
  `post_field` varchar(255) DEFAULT NULL,
  `redirect_check` enum('ok','bad') NOT NULL DEFAULT 'bad',
  `allow_http_status` varchar(255) NOT NULL DEFAULT '',
  `header_name` varchar(255) NOT NULL DEFAULT '',
  `header_value` varchar(255) NOT NULL DEFAULT '',
  `status` enum('on','off') NOT NULL DEFAULT 'on',
  `error` varchar(255) DEFAULT NULL,
  `rtime` float(9,7) DEFAULT NULL,
  `last_online` datetime DEFAULT NULL,
  `last_offline` datetime DEFAULT NULL,
  `last_offline_duration` varchar(255) DEFAULT NULL,
  `last_check` datetime DEFAULT NULL,
  `active` enum('yes','no') NOT NULL DEFAULT 'yes',
  `email` enum('yes','no') NOT NULL DEFAULT 'yes',
  `sms` enum('yes','no') NOT NULL DEFAULT 'no',
  `discord` enum('yes','no') NOT NULL DEFAULT 'yes',
  `pushover` enum('yes','no') NOT NULL DEFAULT 'yes',
  `webhook` enum('yes','no') NOT NULL DEFAULT 'yes',
  `telegram` enum('yes','no') NOT NULL DEFAULT 'yes',
  `jabber` enum('yes','no') NOT NULL DEFAULT 'yes',
  `warning_threshold` mediumint(1) UNSIGNED NOT NULL DEFAULT 1,
  `warning_threshold_counter` mediumint(1) UNSIGNED NOT NULL DEFAULT 0,
  `ssl_cert_expiry_days` mediumint(1) UNSIGNED NOT NULL DEFAULT 0,
  `ssl_cert_expired_time` varchar(255) DEFAULT NULL,
  `timeout` smallint(1) UNSIGNED DEFAULT NULL,
  `website_username` varchar(255) DEFAULT NULL,
  `website_password` varchar(255) DEFAULT NULL,
  `last_error` varchar(255) DEFAULT NULL,
  `last_error_output` text DEFAULT NULL,
  `last_output` text DEFAULT NULL
) ENGINE=MyISAM DEFAULT CHARSET=utf8;

--
-- Extraindo dados da tabela `psm_servers`
--

INSERT INTO `psm_servers` (`server_id`, `ip`, `port`, `request_method`, `label`, `type`, `pattern`, `pattern_online`, `post_field`, `redirect_check`, `allow_http_status`, `header_name`, `header_value`, `status`, `error`, `rtime`, `last_online`, `last_offline`, `last_offline_duration`, `last_check`, `active`, `email`, `sms`, `discord`, `pushover`, `webhook`, `telegram`, `jabber`, `warning_threshold`, `warning_threshold_counter`, `ssl_cert_expiry_days`, `ssl_cert_expired_time`, `timeout`, `website_username`, `website_password`, `last_error`, `last_error_output`, `last_output`) VALUES
(4, 'https://myhubdns.us', 443, NULL, 'Servidor Web', 'website', '', 'yes', NULL, 'ok', '', '', '', 'on', '', 0.0827360, '2021-04-18 14:05:02', '2021-04-10 22:04:02', '2 days 23 hours 20 minutes 41 segundos', '2021-04-18 14:05:02', 'yes', 'yes', 'yes', 'yes', 'yes', 'yes', 'yes', 'yes', 1, 0, 0, NULL, 10, '', '', 'TIMEOUT ERROR: no response from server', 'Could not get headers. probably HTTP 50x error.', 'HTTP/2 200 \r\nserver: nginx\r\ndate: Sun, 18 Apr 2021 17:05:02 GMT\r\ncontent-type: text/html\r\ncontent-length: 1569\r\nx-accel-version: 0.01\r\nlast-modified: Sun, 31 Jan 2021 07:09:08 GMT\r\netag: \"147d-5ba2ce9d70a92-gzip\"\r\naccept-ranges: bytes\r\nvary: Accept-Encoding,User-Agent\r\ncontent-encoding: gzip\r\naccess-control-allow-origin: *\r\n\r\n'),
(5, 'https://google.com', 443, NULL, 'Servidor de Pesquisas - Google', 'website', '', 'yes', NULL, 'ok', '', '', '', 'on', '', 0.1773341, '2021-04-18 14:05:02', '2021-04-08 00:06:51', '57 minutes 12 segundos', '2021-04-18 14:05:02', 'yes', 'yes', 'yes', 'yes', 'yes', 'yes', 'yes', 'yes', 1, 0, 0, NULL, 10, '', '', 'TIMEOUT ERROR: no response from server', 'Could not get headers. probably HTTP 50x error.', 'HTTP/2 301 \r\nlocation: https://www.google.com/\r\ncontent-type: text/html; charset=UTF-8\r\ndate: Sun, 18 Apr 2021 17:05:02 GMT\r\nexpires: Tue, 18 May 2021 17:05:02 GMT\r\ncache-control: public, max-age=2592000\r\nserver: gws\r\ncontent-length: 220\r\nx-xss-protection: 0\r\nx-frame-options: SAMEORIGIN\r\nalt-svc: h3-29=\":443\"; ma=2592000,h3-T051=\":443\"; ma=2592000,h3-Q050=\":443\"; ma=2592000,h3-Q046=\":443\"; ma=2592000,h3-Q043=\":443\"; ma=2592000,quic=\":443\"; ma=2592000; v=\"46,43\"\r\n\r\nHTTP/2 200 \r\ncontent-type: text/html; charset=UTF-8\r\np3p: CP=\"This is not a P3P policy! See g.co/p3phelp for more info.\"\r\ndate: Sun, 18 Apr 2021 17:05:02 GMT\r\nserver: gws\r\nx-xss-protection: 0\r\nx-frame-options: SAMEORIGIN\r\nexpires: Sun, 18 Apr 2021 17:05:02 GMT\r\ncache-control: private\r\nset-cookie: 1P_JAR=2021-04-18-17; expires=Tue, 18-May-2021 17:05:02 GMT; path=/; domain=.google.com; Secure\r\nset-cookie: NID=213=R8fREQhXii-rIQDKVhNu_5A18Ylvsr2hGVC7qIi4MbY1byVo6gSZo_RZnOsg75wpo04RmTWVQNjl32mPjcc-5NzBrBxL3PDaSXHTzyBZZbLxomK_CN0VxcIfNLxf4Rl89cirrmshgaGYrNqlJoWUKwjRzEWmLy3D9aksUgIPYMY; expires=Mon, 18-Oct-2021 17:05:02 GMT; path=/; domain=.google.com; HttpOnly\r\nalt-svc: h3-29=\":443\"; ma=2592000,h3-T051=\":443\"; ma=2592000,h3-Q050=\":443\"; ma=2592000,h3-Q046=\":443\"; ma=2592000,h3-Q043=\":443\"; ma=2592000,quic=\":443\"; ma=2592000; v=\"46,43\"\r\n\r\n'),
(6, '8.8.8.8', 53, NULL, 'Serviço de DNS - Google', 'service', '', 'yes', NULL, 'ok', '', '', '', 'on', '', 0.0012960, '2021-04-18 14:05:02', '2021-04-08 00:07:11', '56 minutes 52 segundos', '2021-04-18 14:05:02', 'yes', 'yes', 'yes', 'yes', 'yes', 'yes', 'yes', 'yes', 1, 0, 0, NULL, 10, '', '', 'Connection timed out', 'Could not get headers. probably HTTP 50x error.', ''),
(7, '1.1.1.12', 53, NULL, 'Serviço de DNS - Cloudflare', 'service', '', 'yes', NULL, 'ok', '', '', '', 'off', 'Connection timed out', 10.0093927, '2021-04-13 23:05:03', '2021-04-13 23:25:57', '6 days 9 minutes 28 segundos', '2021-04-18 14:05:22', 'yes', 'yes', 'yes', 'yes', 'yes', 'yes', 'yes', 'yes', 1, 226, 0, NULL, 10, '', '', 'Connection timed out', 'Could not get headers. probably HTTP 50x error.', ''),
(9, '170.249.210.251', 80, NULL, 'Servidor VMWARE', 'service', '', 'yes', NULL, 'ok', '', '', '', 'on', '', 0.0005279, '2021-04-18 14:05:22', '2021-04-09 05:04:42', '4 days 16 hours 56 minutes 2 segundos', '2021-04-18 14:05:22', 'yes', 'yes', 'yes', 'yes', 'yes', 'yes', 'yes', 'yes', 1, 0, 0, NULL, 10, '', '', 'Connection timed out', 'Could not get headers. probably HTTP 50x error.', '');

-- --------------------------------------------------------

--
-- Estrutura da tabela `psm_servers_history`
--

CREATE TABLE `psm_servers_history` (
  `servers_history_id` int(11) UNSIGNED NOT NULL,
  `server_id` int(11) UNSIGNED NOT NULL,
  `date` date NOT NULL,
  `latency_min` float(9,7) NOT NULL,
  `latency_avg` float(9,7) NOT NULL,
  `latency_max` float(9,7) NOT NULL,
  `checks_total` int(11) UNSIGNED NOT NULL,
  `checks_failed` int(11) UNSIGNED NOT NULL
) ENGINE=MyISAM DEFAULT CHARSET=utf8;

--
-- Extraindo dados da tabela `psm_servers_history`
--

INSERT INTO `psm_servers_history` (`servers_history_id`, `server_id`, `date`, `latency_min`, `latency_avg`, `latency_max`, `checks_total`, `checks_failed`) VALUES
(1, 4, '2021-04-07', 0.0086741, 0.0540713, 0.1726029, 27, 0),
(2, 5, '2021-04-07', 0.0876081, 0.1715023, 0.2483630, 27, 0),
(3, 6, '2021-04-07', 0.0006239, 0.0104464, 0.0670218, 27, 0),
(4, 7, '2021-04-07', 0.0006711, 1.9317963, 10.0102577, 27, 5),
(5, 9, '2021-04-07', 0.0000000, 0.0121536, 0.0262270, 27, 1),
(6, 4, '2021-04-08', 0.0098250, 0.4680224, 20.0209255, 48, 1),
(7, 5, '2021-04-08', 0.0850961, 0.6807487, 25.0036640, 48, 1),
(8, 6, '2021-04-08', 0.0005341, 0.2150042, 10.0101957, 48, 1),
(9, 7, '2021-04-08', 10.0005655, 10.0085678, 10.0103722, 48, 48),
(10, 9, '2021-04-08', 0.0086949, 0.2199695, 10.0102453, 48, 1),
(11, 4, '2021-04-09', 0.0097671, 0.0407585, 0.0902939, 46, 4),
(12, 5, '2021-04-09', 0.0852339, 0.2604081, 5.1789918, 46, 0),
(13, 6, '2021-04-09', 0.0005751, 0.0013284, 0.0034549, 46, 0),
(14, 7, '2021-04-09', 10.0013628, 10.0087690, 10.0129900, 46, 46),
(15, 9, '2021-04-09', 0.0109110, 7.8359661, 10.0139942, 46, 36),
(16, 4, '2021-04-10', 0.0036020, 0.0525482, 0.1812198, 50, 6),
(17, 5, '2021-04-10', 0.0919659, 0.1724983, 0.5783250, 50, 0),
(18, 6, '2021-04-10', 0.0005541, 0.0012447, 0.0019550, 50, 0),
(19, 7, '2021-04-10', 10.0009727, 10.0093365, 10.0106287, 50, 50),
(20, 9, '2021-04-10', 10.0009842, 10.0088568, 10.0109425, 50, 50);

-- --------------------------------------------------------

--
-- Estrutura da tabela `psm_servers_uptime`
--

CREATE TABLE `psm_servers_uptime` (
  `servers_uptime_id` int(11) UNSIGNED NOT NULL,
  `server_id` int(11) UNSIGNED NOT NULL,
  `date` datetime NOT NULL,
  `status` tinyint(1) UNSIGNED NOT NULL,
  `latency` float(9,7) DEFAULT NULL
) ENGINE=MyISAM DEFAULT CHARSET=utf8;

--
-- Extraindo dados da tabela `psm_servers_uptime`
--

INSERT INTO `psm_servers_uptime` (`servers_uptime_id`, `server_id`, `date`, `status`, `latency`) VALUES
(2004, 7, '2021-04-15 08:04:21', 0, 10.0109596),
(2003, 6, '2021-04-15 08:04:01', 1, 0.0013518),
(2030, 9, '2021-04-15 10:05:22', 1, 0.0004499),
(2029, 7, '2021-04-15 10:05:22', 0, 10.0095129),
(1952, 5, '2021-04-15 03:04:02', 1, 0.1141579),
(2056, 4, '2021-04-15 13:05:02', 1, 0.0807321),
(2055, 9, '2021-04-15 13:04:21', 1, 0.0005519),
(1978, 6, '2021-04-15 05:05:02', 1, 0.0012460),
(1951, 4, '2021-04-15 03:04:02', 1, 0.1216731),
(1950, 9, '2021-04-15 02:05:21', 1, 0.0004599),
(2002, 5, '2021-04-15 08:04:01', 1, 0.1174929),
(1977, 5, '2021-04-15 05:05:02', 1, 0.1739759),
(1976, 4, '2021-04-15 05:05:02', 1, 0.0811400),
(2028, 6, '2021-04-15 10:05:02', 1, 0.0013020),
(2001, 4, '2021-04-15 08:04:01', 1, 0.0810599),
(2000, 9, '2021-04-15 07:05:22', 1, 0.0004919),
(2054, 7, '2021-04-15 13:04:21', 0, 10.0103130),
(2027, 5, '2021-04-15 10:05:02', 1, 0.1833658),
(2026, 4, '2021-04-15 10:05:02', 1, 0.0491412),
(1949, 7, '2021-04-15 02:05:21', 0, 10.0102816),
(2053, 6, '2021-04-15 13:04:01', 1, 0.0012569),
(2052, 5, '2021-04-15 13:04:01', 1, 0.1964331),
(1975, 9, '2021-04-15 05:04:22', 1, 0.0005720),
(1948, 6, '2021-04-15 02:05:01', 1, 0.0012681),
(1947, 5, '2021-04-15 02:05:01', 1, 0.1056521),
(1999, 7, '2021-04-15 07:05:22', 0, 10.0112162),
(1974, 7, '2021-04-15 05:04:22', 0, 10.0040283),
(1973, 6, '2021-04-15 05:04:02', 1, 0.0013239),
(2025, 9, '2021-04-15 10:04:22', 1, 0.0005620),
(1998, 6, '2021-04-15 07:05:02', 1, 0.0012171),
(1997, 5, '2021-04-15 07:05:02', 1, 0.1195772),
(2051, 4, '2021-04-15 13:04:01', 1, 0.1510410),
(2024, 7, '2021-04-15 10:04:22', 0, 10.0064707),
(1946, 4, '2021-04-15 02:05:01', 1, 0.0854270),
(1945, 9, '2021-04-15 02:04:22', 1, 0.0005369),
(2050, 9, '2021-04-15 12:05:21', 1, 0.0005209),
(2023, 6, '2021-04-15 10:04:02', 1, 0.0013080),
(1972, 5, '2021-04-15 05:04:02', 1, 0.1858728),
(1944, 7, '2021-04-15 02:04:22', 0, 10.0102949),
(1971, 4, '2021-04-15 05:04:02', 1, 0.1087439),
(1996, 4, '2021-04-15 07:05:02', 1, 0.0496569),
(1970, 9, '2021-04-15 04:05:21', 1, 0.0005491),
(1995, 9, '2021-04-15 07:04:22', 1, 0.0005579),
(2022, 5, '2021-04-15 10:04:02', 1, 0.1938992),
(1994, 7, '2021-04-15 07:04:22', 0, 10.0096874),
(2021, 4, '2021-04-15 10:04:02', 1, 0.1089642),
(2049, 7, '2021-04-15 12:05:21', 0, 10.0100050),
(2020, 9, '2021-04-15 09:05:22', 1, 0.0004849),
(2048, 6, '2021-04-15 12:05:01', 1, 0.0012841),
(1943, 6, '2021-04-15 02:04:02', 1, 0.0013952),
(2047, 5, '2021-04-15 12:05:01', 1, 0.1833050),
(1942, 5, '2021-04-15 02:04:02', 1, 0.1976120),
(1969, 7, '2021-04-15 04:05:21', 0, 10.0099154),
(1941, 4, '2021-04-15 02:04:02', 1, 0.1125200),
(2046, 4, '2021-04-15 12:05:01', 1, 0.1052518),
(1993, 6, '2021-04-15 07:04:02', 1, 0.0013139),
(1968, 6, '2021-04-15 04:05:01', 1, 0.0012050),
(1967, 5, '2021-04-15 04:05:01', 1, 0.0928881),
(2019, 7, '2021-04-15 09:05:22', 0, 10.0114126),
(1992, 5, '2021-04-15 07:04:02', 1, 0.1104078),
(1991, 4, '2021-04-15 07:04:02', 1, 0.0794940),
(2045, 9, '2021-04-15 12:04:22', 1, 0.0005651),
(2018, 6, '2021-04-15 09:05:02', 1, 0.0012572),
(2017, 5, '2021-04-15 09:05:02', 1, 0.0979569),
(1940, 9, '2021-04-15 01:05:22', 1, 0.0004220),
(2044, 7, '2021-04-15 12:04:22', 0, 10.0099316),
(2043, 6, '2021-04-15 12:04:02', 1, 0.0011849),
(1966, 4, '2021-04-15 04:05:01', 1, 0.0839841),
(1965, 9, '2021-04-15 04:04:22', 1, 0.0005839),
(1939, 7, '2021-04-15 01:05:22', 0, 10.0097914),
(2042, 5, '2021-04-15 12:04:02', 1, 0.1735330),
(2016, 4, '2021-04-15 09:05:02', 1, 0.0818980),
(1990, 9, '2021-04-15 06:05:22', 1, 0.0004649),
(1964, 7, '2021-04-15 04:04:22', 0, 10.0102777),
(1938, 6, '2021-04-15 01:05:02', 1, 0.0012770),
(2041, 4, '2021-04-15 12:04:01', 1, 0.0798888),
(2015, 9, '2021-04-15 09:04:21', 1, 0.0006700),
(1989, 7, '2021-04-15 06:05:22', 0, 10.0103502),
(1963, 6, '2021-04-15 04:04:02', 1, 0.0012841),
(1937, 5, '2021-04-15 01:05:02', 1, 0.0888178),
(2040, 9, '2021-04-15 11:05:22', 1, 0.0004630),
(2014, 7, '2021-04-15 09:04:21', 0, 10.0097418),
(1988, 6, '2021-04-15 06:05:02', 1, 0.0013239),
(1962, 5, '2021-04-15 04:04:02', 1, 0.0904260),
(1936, 4, '2021-04-15 01:05:02', 1, 0.0835111),
(2039, 7, '2021-04-15 11:05:22', 0, 10.0104647),
(2013, 6, '2021-04-15 09:04:01', 1, 0.0012879),
(1987, 5, '2021-04-15 06:05:02', 1, 0.1915998),
(1961, 4, '2021-04-15 04:04:02', 1, 0.0695970),
(1935, 9, '2021-04-15 01:04:21', 1, 0.0005710),
(2038, 6, '2021-04-15 11:05:02', 1, 0.0012002),
(2012, 5, '2021-04-15 09:04:01', 1, 0.0939629),
(1986, 4, '2021-04-15 06:05:01', 1, 0.0475030),
(1960, 9, '2021-04-15 03:05:21', 1, 0.0004930),
(1934, 7, '2021-04-15 01:04:21', 0, 10.0025063),
(2037, 5, '2021-04-15 11:05:02', 1, 0.1925471),
(2011, 4, '2021-04-15 09:04:01', 1, 0.0826850),
(1985, 9, '2021-04-15 06:04:22', 1, 0.0005641),
(1959, 7, '2021-04-15 03:05:21', 0, 10.0097027),
(1933, 6, '2021-04-15 01:04:01', 1, 0.0012469),
(2036, 4, '2021-04-15 11:05:01', 1, 0.0750711),
(2010, 9, '2021-04-15 08:05:22', 1, 0.0004659),
(1984, 7, '2021-04-15 06:04:22', 0, 10.0104160),
(1958, 6, '2021-04-15 03:05:01', 1, 0.0012379),
(1932, 5, '2021-04-15 01:04:01', 1, 0.1865211),
(2035, 9, '2021-04-15 11:04:22', 1, 0.0034668),
(2009, 7, '2021-04-15 08:05:22', 0, 10.0104237),
(1983, 6, '2021-04-15 06:04:02', 1, 0.0012491),
(1957, 5, '2021-04-15 03:05:01', 1, 0.1045840),
(1931, 4, '2021-04-15 01:04:01', 1, 0.0808251),
(2034, 7, '2021-04-15 11:04:22', 0, 10.0104132),
(2008, 6, '2021-04-15 08:05:02', 1, 0.0012221),
(1982, 5, '2021-04-15 06:04:02', 1, 0.0994408),
(1956, 4, '2021-04-15 03:05:01', 1, 0.0821071),
(1930, 9, '2021-04-15 00:05:22', 1, 0.0004439),
(2033, 6, '2021-04-15 11:04:02', 1, 0.0013089),
(2007, 5, '2021-04-15 08:05:02', 1, 0.1103411),
(1981, 4, '2021-04-15 06:04:02', 1, 0.0863769),
(1955, 9, '2021-04-15 03:04:22', 1, 0.0005312),
(1929, 7, '2021-04-15 00:05:22', 0, 10.0103397),
(2032, 5, '2021-04-15 11:04:02', 1, 0.1249490),
(2006, 4, '2021-04-15 08:05:02', 1, 0.0826049),
(1980, 9, '2021-04-15 05:05:22', 1, 0.0004971),
(1954, 7, '2021-04-15 03:04:22', 0, 10.0102901),
(1928, 6, '2021-04-15 00:05:02', 1, 0.0012689),
(2031, 4, '2021-04-15 11:04:02', 1, 0.0838900),
(2005, 9, '2021-04-15 08:04:21', 1, 0.0006721),
(1979, 7, '2021-04-15 05:05:22', 0, 10.0107985),
(1953, 6, '2021-04-15 03:04:02', 1, 0.0012679),
(1927, 5, '2021-04-15 00:05:02', 1, 0.1705959),
(1922, 5, '2021-04-15 00:04:02', 1, 0.1675050),
(1923, 6, '2021-04-15 00:04:02', 1, 0.0012710),
(1924, 7, '2021-04-15 00:04:22', 0, 10.0104218),
(1925, 9, '2021-04-15 00:04:22', 1, 0.0006618),
(1926, 4, '2021-04-15 00:05:01', 1, 0.0806789),
(2401, 4, '2021-04-17 00:04:01', 1, 0.1079800),
(2354, 7, '2021-04-16 19:04:21', 0, 10.0037975),
(2307, 5, '2021-04-16 14:05:02', 1, 0.2021830),
(2260, 9, '2021-04-16 09:05:22', 1, 0.0004649),
(2213, 6, '2021-04-16 05:04:02', 1, 0.0012639),
(2400, 9, '2021-04-16 23:05:21', 1, 0.0005081),
(2353, 6, '2021-04-16 19:04:01', 1, 0.0012331),
(2306, 4, '2021-04-16 14:05:02', 1, 0.0901201),
(2259, 7, '2021-04-16 09:05:22', 0, 10.0096312),
(2212, 5, '2021-04-16 05:04:02', 1, 0.1661410),
(2399, 7, '2021-04-16 23:05:21', 0, 10.0102339),
(2352, 5, '2021-04-16 19:04:01', 1, 0.1071942),
(2305, 9, '2021-04-16 14:04:22', 1, 0.0006230),
(2258, 6, '2021-04-16 09:05:02', 1, 0.0013251),
(2211, 4, '2021-04-16 05:04:02', 1, 0.0811100),
(2398, 6, '2021-04-16 23:05:01', 1, 0.0011899),
(2351, 4, '2021-04-16 19:04:01', 1, 0.1003079),
(2304, 7, '2021-04-16 14:04:22', 0, 10.0103178),
(2257, 5, '2021-04-16 09:05:02', 1, 0.1939020),
(2210, 9, '2021-04-16 04:05:22', 1, 0.0061281),
(2397, 5, '2021-04-16 23:05:01', 1, 0.1742780),
(2350, 9, '2021-04-16 18:05:22', 1, 0.0004840),
(2303, 6, '2021-04-16 14:04:02', 1, 0.0013778),
(2256, 4, '2021-04-16 09:05:02', 1, 0.0987449),
(2209, 7, '2021-04-16 04:05:22', 0, 10.0099812),
(2396, 4, '2021-04-16 23:05:01', 1, 0.0879741),
(2349, 7, '2021-04-16 18:05:22', 0, 10.0035267),
(2302, 5, '2021-04-16 14:04:02', 1, 0.1801910),
(2255, 9, '2021-04-16 09:04:21', 1, 0.0005450),
(2208, 6, '2021-04-16 04:05:02', 1, 0.0006912),
(2395, 9, '2021-04-16 23:04:22', 1, 0.0005550),
(2348, 6, '2021-04-16 18:05:02', 1, 0.0013621),
(2301, 4, '2021-04-16 14:04:02', 1, 0.1147830),
(2254, 7, '2021-04-16 09:04:21', 0, 10.0026274),
(2207, 5, '2021-04-16 04:05:02', 1, 0.1135871),
(2394, 7, '2021-04-16 23:04:22', 0, 10.0103121),
(2347, 5, '2021-04-16 18:05:02', 1, 0.1968260),
(2300, 9, '2021-04-16 13:05:22', 1, 0.0004990),
(2253, 6, '2021-04-16 09:04:01', 1, 0.0013011),
(2206, 4, '2021-04-16 04:05:02', 1, 0.0572529),
(2393, 6, '2021-04-16 23:04:02', 1, 0.0012250),
(2346, 4, '2021-04-16 18:05:02', 1, 0.0733051),
(2299, 7, '2021-04-16 13:05:22', 0, 10.0106812),
(2252, 5, '2021-04-16 09:04:01', 1, 0.1767621),
(2205, 9, '2021-04-16 04:04:22', 1, 0.0005341),
(2392, 5, '2021-04-16 23:04:02', 1, 0.1711290),
(2345, 9, '2021-04-16 18:04:21', 1, 0.0005989),
(2298, 6, '2021-04-16 13:05:02', 1, 0.0012040),
(2251, 4, '2021-04-16 09:04:01', 1, 0.1123109),
(2204, 7, '2021-04-16 04:04:22', 0, 10.0103016),
(2391, 4, '2021-04-16 23:04:01', 1, 0.1165440),
(2344, 7, '2021-04-16 18:04:21', 0, 10.0102892),
(2297, 5, '2021-04-16 13:05:02', 1, 0.0889528),
(2250, 9, '2021-04-16 08:05:21', 1, 0.0005028),
(2203, 6, '2021-04-16 04:04:02', 1, 0.0013771),
(2390, 9, '2021-04-16 22:05:21', 1, 0.0005839),
(2343, 6, '2021-04-16 18:04:01', 1, 0.0012341),
(2296, 4, '2021-04-16 13:05:02', 1, 0.1054130),
(2249, 7, '2021-04-16 08:05:21', 0, 10.0102863),
(2202, 5, '2021-04-16 04:04:02', 1, 0.1052771),
(2389, 7, '2021-04-16 22:05:21', 0, 10.0102549),
(2342, 5, '2021-04-16 18:04:01', 1, 0.1902561),
(2295, 9, '2021-04-16 13:04:21', 1, 0.0016248),
(2248, 6, '2021-04-16 08:05:01', 1, 0.0012729),
(2201, 4, '2021-04-16 04:04:02', 1, 0.1059949),
(2388, 6, '2021-04-16 22:05:01', 1, 0.0011919),
(2341, 4, '2021-04-16 18:04:01', 1, 0.0928261),
(2294, 7, '2021-04-16 13:04:21', 0, 10.0103159),
(2247, 5, '2021-04-16 08:05:01', 1, 0.1809571),
(2200, 9, '2021-04-16 03:05:21', 1, 0.0004802),
(2387, 5, '2021-04-16 22:05:01', 1, 0.0987308),
(2340, 9, '2021-04-16 17:05:22', 1, 0.0005162),
(2293, 6, '2021-04-16 13:04:01', 1, 0.0012980),
(2246, 4, '2021-04-16 08:05:01', 1, 0.0813451),
(2199, 7, '2021-04-16 03:05:21', 0, 10.0040255),
(2386, 4, '2021-04-16 22:05:01', 1, 0.0878658),
(2339, 7, '2021-04-16 17:05:22', 0, 10.0102711),
(2292, 5, '2021-04-16 13:04:01', 1, 0.0958719),
(2245, 9, '2021-04-16 08:04:22', 1, 0.0006039),
(2198, 6, '2021-04-16 03:05:01', 1, 0.0012770),
(2385, 9, '2021-04-16 22:04:22', 1, 0.0006030),
(2338, 6, '2021-04-16 17:05:02', 1, 0.0012500),
(2291, 4, '2021-04-16 13:04:01', 1, 0.1108730),
(2244, 7, '2021-04-16 08:04:22', 0, 10.0018005),
(2197, 5, '2021-04-16 03:05:01', 1, 0.1769800),
(2384, 7, '2021-04-16 22:04:22', 0, 10.0103512),
(2337, 5, '2021-04-16 17:05:02', 1, 0.2124200),
(2290, 9, '2021-04-16 12:05:21', 1, 0.0005739),
(2243, 6, '2021-04-16 08:04:02', 1, 0.0012951),
(2196, 4, '2021-04-16 03:05:01', 1, 0.0852499),
(2383, 6, '2021-04-16 22:04:02', 1, 0.0012641),
(2336, 4, '2021-04-16 17:05:02', 1, 0.0801358),
(2289, 7, '2021-04-16 12:05:21', 0, 10.0099545),
(2242, 5, '2021-04-16 08:04:02', 1, 0.1790330),
(2195, 9, '2021-04-16 03:04:22', 1, 0.0005760),
(2382, 5, '2021-04-16 22:04:02', 1, 0.0899050),
(2335, 9, '2021-04-16 17:04:21', 1, 0.0005059),
(2288, 6, '2021-04-16 12:05:01', 1, 0.0013170),
(2241, 4, '2021-04-16 08:04:02', 1, 0.0832911),
(2194, 7, '2021-04-16 03:04:22', 0, 10.0103712),
(2381, 4, '2021-04-16 22:04:02', 1, 0.1149988),
(2334, 7, '2021-04-16 17:04:21', 0, 10.0020065),
(2287, 5, '2021-04-16 12:05:01', 1, 0.1019650),
(2240, 9, '2021-04-16 07:05:22', 1, 0.0004771),
(2193, 6, '2021-04-16 03:04:02', 1, 0.0013311),
(2380, 9, '2021-04-16 21:05:21', 1, 0.0004640),
(2333, 6, '2021-04-16 17:04:01', 1, 0.0013111),
(2286, 4, '2021-04-16 12:05:01', 1, 0.0922151),
(2239, 7, '2021-04-16 07:05:22', 0, 10.0102940),
(2192, 5, '2021-04-16 03:04:02', 1, 0.2237661),
(2379, 7, '2021-04-16 21:05:21', 0, 10.0035868),
(2332, 5, '2021-04-16 17:04:01', 1, 0.2759969),
(2285, 9, '2021-04-16 12:04:22', 1, 0.0005600),
(2238, 6, '2021-04-16 07:05:02', 1, 0.0014279),
(2191, 4, '2021-04-16 03:04:01', 1, 0.0793562),
(2378, 6, '2021-04-16 21:05:01', 1, 0.0013101),
(2331, 4, '2021-04-16 17:04:01', 1, 0.0814102),
(2284, 7, '2021-04-16 12:04:22', 0, 10.0103273),
(2237, 5, '2021-04-16 07:05:02', 1, 0.2057600),
(2190, 9, '2021-04-16 02:05:22', 1, 0.0005200),
(2377, 5, '2021-04-16 21:05:01', 1, 0.2068801),
(2330, 9, '2021-04-16 16:05:21', 1, 0.0005100),
(2283, 6, '2021-04-16 12:04:02', 1, 0.0012991),
(2236, 4, '2021-04-16 07:05:02', 1, 0.0691731),
(2189, 7, '2021-04-16 02:05:22', 0, 10.0102892),
(2376, 4, '2021-04-16 21:05:01', 1, 0.0915821),
(2329, 7, '2021-04-16 16:05:21', 0, 10.0102701),
(2282, 5, '2021-04-16 12:04:02', 1, 0.1849871),
(2235, 9, '2021-04-16 07:04:21', 1, 0.0005519),
(2188, 6, '2021-04-16 02:05:02', 1, 0.0012841),
(2375, 9, '2021-04-16 21:04:22', 1, 0.0005901),
(2328, 6, '2021-04-16 16:05:01', 1, 0.0013859),
(2281, 4, '2021-04-16 12:04:02', 1, 0.0994329),
(2234, 7, '2021-04-16 07:04:21', 0, 10.0103302),
(2187, 5, '2021-04-16 02:05:02', 1, 0.1170239),
(2374, 7, '2021-04-16 21:04:22', 0, 10.0103102),
(2327, 5, '2021-04-16 16:05:01', 1, 0.1028290),
(2280, 9, '2021-04-16 11:05:21', 1, 0.0004661),
(2233, 6, '2021-04-16 07:04:01', 1, 0.0012922),
(2186, 4, '2021-04-16 02:05:02', 1, 0.0877280),
(2373, 6, '2021-04-16 21:04:02', 1, 0.0012650),
(2326, 4, '2021-04-16 16:05:01', 1, 0.0723970),
(2279, 7, '2021-04-16 11:05:21', 0, 10.0097961),
(2232, 5, '2021-04-16 07:04:01', 1, 0.1809931),
(2185, 9, '2021-04-16 02:04:22', 1, 0.0006571),
(2372, 5, '2021-04-16 21:04:02', 1, 0.1826050),
(2325, 9, '2021-04-16 16:04:22', 1, 0.0006549),
(2278, 6, '2021-04-16 11:05:01', 1, 0.0012629),
(2231, 4, '2021-04-16 07:04:01', 1, 0.0837662),
(2184, 7, '2021-04-16 02:04:22', 0, 10.0104103),
(2371, 4, '2021-04-16 21:04:01', 1, 0.1589508),
(2324, 7, '2021-04-16 16:04:22', 0, 10.0103130),
(2277, 5, '2021-04-16 11:05:01', 1, 0.1753411),
(2230, 9, '2021-04-16 06:05:22', 1, 0.0004809),
(2183, 6, '2021-04-16 02:04:02', 1, 0.0013151),
(2370, 9, '2021-04-16 20:05:22', 1, 0.0006061),
(2323, 6, '2021-04-16 16:04:02', 1, 0.0011950),
(2276, 4, '2021-04-16 11:05:01', 1, 0.0873568),
(2229, 7, '2021-04-16 06:05:22', 0, 10.0104780),
(2182, 5, '2021-04-16 02:04:02', 1, 0.1910620),
(2369, 7, '2021-04-16 20:05:22', 0, 10.0104351),
(2322, 5, '2021-04-16 16:04:02', 1, 0.1149840),
(2275, 9, '2021-04-16 11:04:22', 1, 0.0005090),
(2228, 6, '2021-04-16 06:05:02', 1, 0.0013211),
(2181, 4, '2021-04-16 02:04:02', 1, 0.1169009),
(2368, 6, '2021-04-16 20:05:02', 1, 0.0013461),
(2321, 4, '2021-04-16 16:04:02', 1, 0.1089048),
(2274, 7, '2021-04-16 11:04:22', 0, 10.0103436),
(2227, 5, '2021-04-16 06:05:02', 1, 0.2182541),
(2180, 9, '2021-04-16 01:05:22', 1, 0.0004981),
(2367, 5, '2021-04-16 20:05:02', 1, 0.1988900),
(2320, 9, '2021-04-16 15:05:22', 1, 0.0003870),
(2273, 6, '2021-04-16 11:04:02', 1, 0.0007212),
(2226, 4, '2021-04-16 06:05:02', 1, 0.0919662),
(2179, 7, '2021-04-16 01:05:22', 0, 10.0023146),
(2366, 4, '2021-04-16 20:05:02', 1, 0.0847580),
(2319, 7, '2021-04-16 15:05:22', 0, 10.0040369),
(2272, 5, '2021-04-16 11:04:02', 1, 0.1877429),
(2225, 9, '2021-04-16 06:04:21', 1, 0.0005660),
(2178, 6, '2021-04-16 01:05:02', 1, 0.0012510),
(2365, 9, '2021-04-16 20:04:21', 1, 0.0006080),
(2318, 6, '2021-04-16 15:05:02', 1, 0.0013239),
(2271, 4, '2021-04-16 11:04:01', 1, 0.0820110),
(2224, 7, '2021-04-16 06:04:21', 0, 10.0102911),
(2177, 5, '2021-04-16 01:05:02', 1, 0.0916009),
(2364, 7, '2021-04-16 20:04:21', 0, 10.0105515),
(2317, 5, '2021-04-16 15:05:02', 1, 0.3185091),
(2270, 9, '2021-04-16 10:05:21', 1, 0.0006428),
(2223, 6, '2021-04-16 06:04:01', 1, 0.0012491),
(2176, 4, '2021-04-16 01:05:02', 1, 0.0852151),
(2363, 6, '2021-04-16 20:04:01', 1, 0.0013430),
(2316, 4, '2021-04-16 15:05:01', 1, 0.0696530),
(2269, 7, '2021-04-16 10:05:21', 0, 10.0086842),
(2222, 5, '2021-04-16 06:04:01', 1, 0.1764071),
(2175, 9, '2021-04-16 01:04:22', 1, 0.0006359),
(2362, 5, '2021-04-16 20:04:01', 1, 0.1033490),
(2315, 9, '2021-04-16 15:04:22', 1, 0.0048728),
(2268, 6, '2021-04-16 10:05:01', 1, 0.0013640),
(2221, 4, '2021-04-16 06:04:01', 1, 0.1016080),
(2174, 7, '2021-04-16 01:04:22', 0, 10.0100784),
(2361, 4, '2021-04-16 20:04:01', 1, 0.0695360),
(2314, 7, '2021-04-16 15:04:22', 0, 10.0103455),
(2267, 5, '2021-04-16 10:05:01', 1, 0.1292140),
(2220, 9, '2021-04-16 05:05:21', 1, 0.0005219),
(2173, 6, '2021-04-16 01:04:02', 1, 0.0013130),
(2360, 9, '2021-04-16 19:05:21', 1, 0.0005121),
(2313, 6, '2021-04-16 15:04:02', 1, 0.0012772),
(2266, 4, '2021-04-16 10:05:01', 1, 0.1208019),
(2219, 7, '2021-04-16 05:05:21', 0, 10.0009375),
(2172, 5, '2021-04-16 01:04:02', 1, 0.1017909),
(2359, 7, '2021-04-16 19:05:21', 0, 10.0102901),
(2312, 5, '2021-04-16 15:04:02', 1, 0.1709349),
(2265, 9, '2021-04-16 10:04:21', 1, 0.0006170),
(2218, 6, '2021-04-16 05:05:01', 1, 0.0013149),
(2171, 4, '2021-04-16 01:04:02', 1, 0.0813701),
(2358, 6, '2021-04-16 19:05:01', 1, 0.0012939),
(2311, 4, '2021-04-16 15:04:02', 1, 0.1094568),
(2264, 7, '2021-04-16 10:04:21', 0, 10.0026979),
(2217, 5, '2021-04-16 05:05:01', 1, 0.1040180),
(2170, 9, '2021-04-16 00:05:21', 1, 0.0005059),
(2357, 5, '2021-04-16 19:05:01', 1, 0.1229138),
(2310, 9, '2021-04-16 14:05:22', 1, 0.0005488),
(2263, 6, '2021-04-16 10:04:01', 1, 0.0011990),
(2216, 4, '2021-04-16 05:05:01', 1, 0.0821929),
(2169, 7, '2021-04-16 00:05:21', 0, 10.0102730),
(2356, 4, '2021-04-16 19:05:01', 1, 0.0978291),
(2309, 7, '2021-04-16 14:05:22', 0, 10.0085506),
(2262, 5, '2021-04-16 10:04:01', 1, 0.0966530),
(2215, 9, '2021-04-16 05:04:22', 1, 0.0006452),
(2168, 6, '2021-04-16 00:05:01', 1, 0.0013280),
(2355, 9, '2021-04-16 19:04:21', 1, 0.0006380),
(2308, 6, '2021-04-16 14:05:02', 1, 0.0013371),
(2261, 4, '2021-04-16 10:04:01', 1, 0.0810990),
(2214, 7, '2021-04-16 05:04:22', 0, 10.0102873),
(2167, 5, '2021-04-16 00:05:01', 1, 0.0952411),
(2162, 5, '2021-04-16 00:04:02', 1, 0.0908809),
(2163, 6, '2021-04-16 00:04:02', 1, 0.0012970),
(2164, 7, '2021-04-16 00:04:22', 0, 10.0103579),
(2165, 9, '2021-04-16 00:04:22', 1, 0.0006251),
(2166, 4, '2021-04-16 00:05:01', 1, 0.0835710),
(2631, 4, '2021-04-17 23:04:02', 1, 0.1500981),
(2586, 4, '2021-04-17 18:05:02', 1, 0.0863481),
(2541, 4, '2021-04-17 14:04:02', 1, 0.1122961),
(2496, 4, '2021-04-17 09:05:01', 1, 0.0820231),
(2451, 4, '2021-04-17 05:04:01', 1, 0.0829079),
(2630, 9, '2021-04-17 22:05:22', 1, 0.0004661),
(2585, 9, '2021-04-17 18:04:21', 1, 0.0004659),
(2540, 9, '2021-04-17 13:05:22', 1, 0.0005150),
(2495, 9, '2021-04-17 09:04:22', 1, 0.0006640),
(2450, 9, '2021-04-17 04:05:22', 1, 0.0004909),
(2629, 7, '2021-04-17 22:05:22', 0, 10.0103579),
(2584, 7, '2021-04-17 18:04:21', 0, 10.0102139),
(2539, 7, '2021-04-17 13:05:22', 0, 10.0093327),
(2494, 7, '2021-04-17 09:04:22', 0, 10.0103512),
(2449, 7, '2021-04-17 04:05:22', 0, 10.0094833),
(2628, 6, '2021-04-17 22:05:02', 1, 0.0013309),
(2583, 6, '2021-04-17 18:04:01', 1, 0.0013261),
(2538, 6, '2021-04-17 13:05:02', 1, 0.0012701),
(2493, 6, '2021-04-17 09:04:02', 1, 0.0013349),
(2448, 6, '2021-04-17 04:05:02', 1, 0.0011899),
(2627, 5, '2021-04-17 22:05:02', 1, 0.1733899),
(2582, 5, '2021-04-17 18:04:01', 1, 0.1874208),
(2537, 5, '2021-04-17 13:05:02', 1, 0.0992591),
(2492, 5, '2021-04-17 09:04:02', 1, 0.1918111),
(2447, 5, '2021-04-17 04:05:02', 1, 0.1833589),
(2626, 4, '2021-04-17 22:05:02', 1, 0.0843730),
(2581, 4, '2021-04-17 18:04:01', 1, 0.1031330),
(2536, 4, '2021-04-17 13:05:02', 1, 0.0795422),
(2491, 4, '2021-04-17 09:04:02', 1, 0.0829830),
(2446, 4, '2021-04-17 04:05:02', 1, 0.0831420),
(2625, 9, '2021-04-17 22:04:21', 1, 0.0007088),
(2580, 9, '2021-04-17 17:05:22', 1, 0.0005980),
(2535, 9, '2021-04-17 13:04:21', 1, 0.0006521),
(2490, 9, '2021-04-17 08:05:22', 1, 0.0005071),
(2445, 9, '2021-04-17 04:04:21', 1, 0.0006561),
(2624, 7, '2021-04-17 22:04:21', 0, 10.0103064),
(2579, 7, '2021-04-17 17:05:22', 0, 10.0024405),
(2534, 7, '2021-04-17 13:04:21', 0, 10.0039701),
(2489, 7, '2021-04-17 08:05:22', 0, 10.0130796),
(2444, 7, '2021-04-17 04:04:21', 0, 10.0103474),
(2623, 6, '2021-04-17 22:04:01', 1, 0.0011799),
(2578, 6, '2021-04-17 17:05:02', 1, 0.0012581),
(2533, 6, '2021-04-17 13:04:01', 1, 0.0012751),
(2488, 6, '2021-04-17 08:05:02', 1, 0.0013120),
(2443, 6, '2021-04-17 04:04:01', 1, 0.0012929),
(2622, 5, '2021-04-17 22:04:01', 1, 0.1933920),
(2577, 5, '2021-04-17 17:05:02', 1, 0.1750278),
(2532, 5, '2021-04-17 13:04:01', 1, 0.1991711),
(2487, 5, '2021-04-17 08:05:02', 1, 0.1772308),
(2442, 5, '2021-04-17 04:04:01', 1, 0.1878870),
(2621, 4, '2021-04-17 22:04:01', 1, 0.0831919),
(2576, 4, '2021-04-17 17:05:02', 1, 0.0661399),
(2531, 4, '2021-04-17 13:04:01', 1, 0.0877790),
(2486, 4, '2021-04-17 08:05:02', 1, 0.0837362),
(2441, 4, '2021-04-17 04:04:01', 1, 0.0914431),
(2620, 9, '2021-04-17 21:05:21', 1, 0.0006092),
(2575, 9, '2021-04-17 17:04:21', 1, 0.0006280),
(2530, 9, '2021-04-17 12:05:22', 1, 0.0004749),
(2485, 9, '2021-04-17 08:04:21', 1, 0.0006058),
(2440, 9, '2021-04-17 03:05:21', 1, 0.0005379),
(2619, 7, '2021-04-17 21:05:21', 0, 10.0098534),
(2574, 7, '2021-04-17 17:04:21', 0, 10.0098362),
(2529, 7, '2021-04-17 12:05:22', 0, 10.0102987),
(2484, 7, '2021-04-17 08:04:21', 0, 10.0102634),
(2439, 7, '2021-04-17 03:05:21', 0, 10.0105925),
(2618, 6, '2021-04-17 21:05:01', 1, 0.0012519),
(2573, 6, '2021-04-17 17:04:01', 1, 0.0013490),
(2528, 6, '2021-04-17 12:05:02', 1, 0.0012751),
(2483, 6, '2021-04-17 08:04:01', 1, 0.0013108),
(2438, 6, '2021-04-17 03:05:01', 1, 0.0013020),
(2617, 5, '2021-04-17 21:05:01', 1, 0.1827662),
(2572, 5, '2021-04-17 17:04:01', 1, 0.1892469),
(2527, 5, '2021-04-17 12:05:02', 1, 0.1886930),
(2482, 5, '2021-04-17 08:04:01', 1, 0.1889679),
(2437, 5, '2021-04-17 03:05:01', 1, 0.0902081),
(2616, 4, '2021-04-17 21:05:01', 1, 0.1108520),
(2571, 4, '2021-04-17 17:04:01', 1, 0.1131301),
(2526, 4, '2021-04-17 12:05:02', 1, 0.0804770),
(2481, 4, '2021-04-17 08:04:01', 1, 0.1200941),
(2436, 4, '2021-04-17 03:05:01', 1, 0.0819829),
(2615, 9, '2021-04-17 21:04:22', 1, 0.0005832),
(2570, 9, '2021-04-17 16:05:22', 1, 0.0004940),
(2525, 9, '2021-04-17 12:04:21', 1, 0.0005651),
(2480, 9, '2021-04-17 07:05:22', 1, 0.0004768),
(2435, 9, '2021-04-17 03:04:22', 1, 0.0006042),
(2614, 7, '2021-04-17 21:04:22', 0, 10.0103226),
(2569, 7, '2021-04-17 16:05:22', 0, 10.0100183),
(2524, 7, '2021-04-17 12:04:21', 0, 10.0103292),
(2479, 7, '2021-04-17 07:05:22', 0, 10.0032196),
(2434, 7, '2021-04-17 03:04:21', 0, 10.0100965),
(2613, 6, '2021-04-17 21:04:02', 1, 0.0013030),
(2568, 6, '2021-04-17 16:05:01', 1, 0.0012650),
(2523, 6, '2021-04-17 12:04:01', 1, 0.0013859),
(2478, 6, '2021-04-17 07:05:02', 1, 0.0012710),
(2433, 6, '2021-04-17 03:04:01', 1, 0.0012641),
(2612, 5, '2021-04-17 21:04:02', 1, 0.3474219),
(2567, 5, '2021-04-17 16:05:01', 1, 0.1871190),
(2522, 5, '2021-04-17 12:04:01', 1, 0.1737969),
(2477, 5, '2021-04-17 07:05:02', 1, 0.1847291),
(2432, 5, '2021-04-17 03:04:01', 1, 0.1044950),
(2611, 4, '2021-04-17 21:04:01', 1, 0.0825491),
(2566, 4, '2021-04-17 16:05:01', 1, 0.0491621),
(2521, 4, '2021-04-17 12:04:01', 1, 0.0812321),
(2476, 4, '2021-04-17 07:05:01', 1, 0.0844781),
(2431, 4, '2021-04-17 03:04:01', 1, 0.0846250),
(2610, 9, '2021-04-17 20:05:22', 1, 0.0004580),
(2565, 9, '2021-04-17 16:04:22', 1, 0.0005231),
(2520, 9, '2021-04-17 11:05:21', 1, 0.0004909),
(2475, 9, '2021-04-17 07:04:22', 1, 0.0005510),
(2430, 9, '2021-04-17 02:05:22', 1, 0.0005631),
(2609, 7, '2021-04-17 20:05:22', 0, 10.0101261),
(2564, 7, '2021-04-17 16:04:22', 0, 10.0103102),
(2519, 7, '2021-04-17 11:05:21', 0, 10.0099316),
(2474, 7, '2021-04-17 07:04:22', 0, 10.0071735),
(2429, 7, '2021-04-17 02:05:22', 0, 10.0103712),
(2608, 6, '2021-04-17 20:05:02', 1, 0.0012281),
(2563, 6, '2021-04-17 16:04:02', 1, 0.0012200),
(2518, 6, '2021-04-17 11:05:01', 1, 0.0012779),
(2473, 6, '2021-04-17 07:04:02', 1, 0.0013251),
(2428, 6, '2021-04-17 02:05:02', 1, 0.0012879),
(2607, 5, '2021-04-17 20:05:02', 1, 0.1287858),
(2562, 5, '2021-04-17 16:04:02', 1, 0.1790409),
(2517, 5, '2021-04-17 11:05:01', 1, 0.1959970),
(2472, 5, '2021-04-17 07:04:02', 1, 0.1803451),
(2427, 5, '2021-04-17 02:05:02', 1, 0.1724191),
(2606, 4, '2021-04-17 20:05:02', 1, 0.0788469),
(2561, 4, '2021-04-17 16:04:02', 1, 0.0960660),
(2516, 4, '2021-04-17 11:05:01', 1, 0.1382639),
(2471, 4, '2021-04-17 07:04:02', 1, 0.0778289),
(2426, 4, '2021-04-17 02:05:02', 1, 0.0482850),
(2605, 9, '2021-04-17 20:04:21', 1, 0.0006750),
(2560, 9, '2021-04-17 15:05:21', 1, 0.0004442),
(2515, 9, '2021-04-17 11:04:21', 1, 0.0005350),
(2470, 9, '2021-04-17 06:05:22', 1, 0.0005431),
(2425, 9, '2021-04-17 02:04:22', 1, 0.0006280),
(2604, 7, '2021-04-17 20:04:21', 0, 10.0050268),
(2559, 7, '2021-04-17 15:05:21', 0, 10.0011129),
(2514, 7, '2021-04-17 11:04:21', 0, 10.0098906),
(2469, 7, '2021-04-17 06:05:22', 0, 10.0061703),
(2424, 7, '2021-04-17 02:04:22', 0, 10.0081530),
(2603, 6, '2021-04-17 20:04:01', 1, 0.0011890),
(2558, 6, '2021-04-17 15:05:01', 1, 0.0014410),
(2513, 6, '2021-04-17 11:04:01', 1, 0.0012610),
(2468, 6, '2021-04-17 06:05:02', 1, 0.0013070),
(2423, 6, '2021-04-17 02:04:02', 1, 0.0012751),
(2602, 5, '2021-04-17 20:04:01', 1, 0.1124122),
(2557, 5, '2021-04-17 15:05:01', 1, 0.1714180),
(2512, 5, '2021-04-17 11:04:01', 1, 0.2127271),
(2467, 5, '2021-04-17 06:05:02', 1, 0.1735241),
(2422, 5, '2021-04-17 02:04:02', 1, 0.1881421),
(2601, 4, '2021-04-17 20:04:01', 1, 0.0988131),
(2556, 4, '2021-04-17 15:05:01', 1, 0.0803120),
(2511, 4, '2021-04-17 11:04:01', 1, 0.0821819),
(2466, 4, '2021-04-17 06:05:02', 1, 0.1010070),
(2421, 4, '2021-04-17 02:04:02', 1, 0.1226158),
(2600, 9, '2021-04-17 19:05:22', 1, 0.0004840),
(2555, 9, '2021-04-17 15:04:21', 1, 0.0005851),
(2510, 9, '2021-04-17 10:05:21', 1, 0.0004530),
(2465, 9, '2021-04-17 06:04:22', 1, 0.0005741),
(2420, 9, '2021-04-17 01:05:21', 1, 0.0004680),
(2599, 7, '2021-04-17 19:05:22', 0, 10.0018005),
(2554, 7, '2021-04-17 15:04:21', 0, 10.0066872),
(2509, 7, '2021-04-17 10:05:21', 0, 10.0102186),
(2464, 7, '2021-04-17 06:04:22', 0, 10.0028534),
(2419, 7, '2021-04-17 01:05:21', 0, 10.0102949),
(2598, 6, '2021-04-17 19:05:02', 1, 0.0008030),
(2553, 6, '2021-04-17 15:04:01', 1, 0.0012350),
(2508, 6, '2021-04-17 10:05:01', 1, 0.0013490),
(2463, 6, '2021-04-17 06:04:02', 1, 0.0013578),
(2418, 6, '2021-04-17 01:05:01', 1, 0.0012269),
(2597, 5, '2021-04-17 19:05:02', 1, 0.2224810),
(2552, 5, '2021-04-17 15:04:01', 1, 0.1846080),
(2507, 5, '2021-04-17 10:05:01', 1, 0.1087670),
(2462, 5, '2021-04-17 06:04:02', 1, 0.1088462),
(2417, 5, '2021-04-17 01:05:01', 1, 0.1886361),
(2596, 4, '2021-04-17 19:05:01', 1, 0.0873058),
(2551, 4, '2021-04-17 15:04:01', 1, 0.1071799),
(2506, 4, '2021-04-17 10:05:01', 1, 0.0792379),
(2461, 4, '2021-04-17 06:04:02', 1, 0.1024470),
(2416, 4, '2021-04-17 01:05:01', 1, 0.0641041),
(2595, 9, '2021-04-17 19:04:22', 1, 0.0005591),
(2550, 9, '2021-04-17 14:05:22', 1, 0.0005002),
(2505, 9, '2021-04-17 10:04:22', 1, 0.0007470),
(2460, 9, '2021-04-17 05:05:21', 1, 0.0005810),
(2415, 9, '2021-04-17 01:04:22', 1, 0.0005801),
(2594, 7, '2021-04-17 19:04:22', 0, 10.0102739),
(2549, 7, '2021-04-17 14:05:22', 0, 10.0102873),
(2504, 7, '2021-04-17 10:04:22', 0, 10.0103397),
(2459, 7, '2021-04-17 05:05:21', 0, 10.0103559),
(2414, 7, '2021-04-17 01:04:22', 0, 10.0102882),
(2593, 6, '2021-04-17 19:04:02', 1, 0.0019810),
(2548, 6, '2021-04-17 14:05:01', 1, 0.0012789),
(2503, 6, '2021-04-17 10:04:02', 1, 0.0012350),
(2458, 6, '2021-04-17 05:05:01', 1, 0.0013599),
(2413, 6, '2021-04-17 01:04:01', 1, 0.0012681),
(2592, 5, '2021-04-17 19:04:02', 1, 0.1773210),
(2547, 5, '2021-04-17 14:05:01', 1, 0.1819580),
(2502, 5, '2021-04-17 10:04:02', 1, 0.0967209),
(2457, 5, '2021-04-17 05:05:01', 1, 0.1744409),
(2412, 5, '2021-04-17 01:04:01', 1, 0.1754110),
(2591, 4, '2021-04-17 19:04:02', 1, 0.0929759),
(2546, 4, '2021-04-17 14:05:01', 1, 0.0491931),
(2501, 4, '2021-04-17 10:04:02', 1, 0.0859649),
(2456, 4, '2021-04-17 05:05:01', 1, 0.0920460),
(2411, 4, '2021-04-17 01:04:01', 1, 0.1028709),
(2590, 9, '2021-04-17 18:05:22', 1, 0.0003622),
(2545, 9, '2021-04-17 14:04:22', 1, 0.0005810),
(2500, 9, '2021-04-17 09:05:22', 1, 0.0005050),
(2455, 9, '2021-04-17 05:04:21', 1, 0.0006859),
(2410, 9, '2021-04-17 00:05:21', 1, 0.0005071),
(2589, 7, '2021-04-17 18:05:22', 0, 10.0102406),
(2544, 7, '2021-04-17 14:04:22', 0, 10.0017433),
(2499, 7, '2021-04-17 09:05:22', 0, 10.0103455),
(2454, 7, '2021-04-17 05:04:21', 0, 10.0103350),
(2409, 7, '2021-04-17 00:05:21', 0, 10.0103207),
(2588, 6, '2021-04-17 18:05:02', 1, 0.0012231),
(2543, 6, '2021-04-17 14:04:02', 1, 0.0013320),
(2498, 6, '2021-04-17 09:05:02', 1, 0.0012832),
(2453, 6, '2021-04-17 05:04:01', 1, 0.0014141),
(2408, 6, '2021-04-17 00:05:01', 1, 0.0013220),
(2587, 5, '2021-04-17 18:05:02', 1, 0.2565720),
(2542, 5, '2021-04-17 14:04:02', 1, 0.1917999),
(2497, 5, '2021-04-17 09:05:02', 1, 0.1738560),
(2452, 5, '2021-04-17 05:04:01', 1, 0.1287489),
(2407, 5, '2021-04-17 00:05:01', 1, 0.1696379),
(2402, 5, '2021-04-17 00:04:02', 1, 0.0958261),
(2403, 6, '2021-04-17 00:04:02', 1, 0.0014131),
(2404, 7, '2021-04-17 00:04:22', 0, 10.0103073),
(2405, 9, '2021-04-17 00:04:22', 1, 0.0006089),
(2406, 4, '2021-04-17 00:05:01', 1, 0.0906999),
(2744, 7, '2021-04-18 10:04:22', 0, 10.0103416),
(2695, 9, '2021-04-18 05:04:21', 1, 0.0005760),
(2743, 6, '2021-04-18 10:04:02', 1, 0.0012150),
(2694, 7, '2021-04-18 05:04:21', 0, 10.0106583),
(2742, 5, '2021-04-18 10:04:02', 1, 0.1751280),
(2693, 6, '2021-04-18 05:04:01', 1, 0.0012419),
(2790, 9, '2021-04-18 14:05:22', 1, 0.0005279),
(2741, 4, '2021-04-18 10:04:02', 1, 0.1016922),
(2692, 5, '2021-04-18 05:04:01', 1, 0.1690929),
(2789, 7, '2021-04-18 14:05:22', 0, 10.0093927),
(2740, 9, '2021-04-18 09:05:22', 1, 0.0005019),
(2691, 4, '2021-04-18 05:04:01', 1, 0.0826170),
(2788, 6, '2021-04-18 14:05:02', 1, 0.0012960),
(2739, 7, '2021-04-18 09:05:22', 0, 10.0103111),
(2690, 9, '2021-04-18 04:05:22', 1, 0.0004520),
(2787, 5, '2021-04-18 14:05:02', 1, 0.1773341),
(2738, 6, '2021-04-18 09:05:02', 1, 0.0012898),
(2689, 7, '2021-04-18 04:05:21', 0, 10.0103025),
(2786, 4, '2021-04-18 14:05:02', 1, 0.0827360),
(2785, 9, '2021-04-18 14:04:21', 1, 0.0005579),
(2737, 5, '2021-04-18 09:05:02', 1, 0.1681521),
(2736, 4, '2021-04-18 09:05:02', 1, 0.0947239),
(2688, 6, '2021-04-18 04:05:01', 1, 0.0012939),
(2687, 5, '2021-04-18 04:05:01', 1, 0.0862610),
(2784, 7, '2021-04-18 14:04:21', 0, 10.0103331),
(2735, 9, '2021-04-18 09:04:21', 1, 0.0006220),
(2686, 4, '2021-04-18 04:05:01', 1, 0.0804951),
(2783, 6, '2021-04-18 14:04:01', 1, 0.0013480),
(2734, 7, '2021-04-18 09:04:21', 0, 10.0049505),
(2685, 9, '2021-04-18 04:04:22', 1, 0.0005150),
(2782, 5, '2021-04-18 14:04:01', 1, 0.1802859),
(2733, 6, '2021-04-18 09:04:01', 1, 0.0013039),
(2684, 7, '2021-04-18 04:04:22', 0, 10.0103579),
(2781, 4, '2021-04-18 14:04:01', 1, 0.0806389),
(2732, 5, '2021-04-18 09:04:01', 1, 0.1693790),
(2683, 6, '2021-04-18 04:04:02', 1, 0.0012271),
(2780, 9, '2021-04-18 13:05:22', 1, 0.0004711),
(2731, 4, '2021-04-18 09:04:01', 1, 0.0648758),
(2682, 5, '2021-04-18 04:04:02', 1, 0.0828590),
(2779, 7, '2021-04-18 13:05:22', 0, 10.0103254),
(2730, 9, '2021-04-18 08:05:22', 1, 0.0049510),
(2681, 4, '2021-04-18 04:04:02', 1, 0.1652160),
(2778, 6, '2021-04-18 13:05:02', 1, 0.0012619),
(2729, 7, '2021-04-18 08:05:22', 0, 10.0102816),
(2680, 9, '2021-04-18 03:05:22', 1, 0.0005798),
(2777, 5, '2021-04-18 13:05:02', 1, 0.0953188),
(2728, 6, '2021-04-18 08:05:02', 1, 0.0012438),
(2679, 7, '2021-04-18 03:05:22', 0, 10.0102444),
(2776, 4, '2021-04-18 13:05:02', 1, 0.0929010),
(2727, 5, '2021-04-18 08:05:02', 1, 0.1088169),
(2678, 6, '2021-04-18 03:05:02', 1, 0.0006618),
(2775, 9, '2021-04-18 13:04:21', 1, 0.0006130),
(2726, 4, '2021-04-18 08:05:02', 1, 0.0791421),
(2677, 5, '2021-04-18 03:05:02', 1, 0.1789141),
(2774, 7, '2021-04-18 13:04:21', 0, 10.0103226),
(2725, 9, '2021-04-18 08:04:22', 1, 0.0006380),
(2676, 4, '2021-04-18 03:05:02', 1, 0.0928700),
(2773, 6, '2021-04-18 13:04:01', 1, 0.0013001),
(2724, 7, '2021-04-18 08:04:22', 0, 10.0103455),
(2675, 9, '2021-04-18 03:04:21', 1, 0.0005929),
(2772, 5, '2021-04-18 13:04:01', 1, 0.0896502),
(2723, 6, '2021-04-18 08:04:02', 1, 0.0012319),
(2674, 7, '2021-04-18 03:04:21', 0, 10.0102911),
(2771, 4, '2021-04-18 13:04:01', 1, 0.1067588),
(2722, 5, '2021-04-18 08:04:02', 1, 0.0824251),
(2673, 6, '2021-04-18 03:04:01', 1, 0.0015872),
(2770, 9, '2021-04-18 12:05:21', 1, 0.0005720),
(2721, 4, '2021-04-18 08:04:02', 1, 0.1004109),
(2672, 5, '2021-04-18 03:04:01', 1, 0.0977001),
(2769, 7, '2021-04-18 12:05:21', 0, 10.0049229),
(2720, 9, '2021-04-18 07:05:22', 1, 0.0005200),
(2671, 4, '2021-04-18 03:04:01', 1, 0.0994961),
(2768, 6, '2021-04-18 12:05:01', 1, 0.0012970),
(2719, 7, '2021-04-18 07:05:22', 0, 10.0005827),
(2670, 9, '2021-04-18 02:05:21', 1, 0.0004699),
(2767, 5, '2021-04-18 12:05:01', 1, 0.0899420),
(2718, 6, '2021-04-18 07:05:02', 1, 0.0012381),
(2669, 7, '2021-04-18 02:05:21', 0, 10.0037336),
(2766, 4, '2021-04-18 12:05:01', 1, 0.0837350),
(2717, 5, '2021-04-18 07:05:02', 1, 0.1722920),
(2668, 6, '2021-04-18 02:05:01', 1, 0.0012441),
(2765, 9, '2021-04-18 12:04:22', 1, 0.0005589),
(2716, 4, '2021-04-18 07:05:02', 1, 0.1079230),
(2667, 5, '2021-04-18 02:05:01', 1, 0.1751702),
(2764, 7, '2021-04-18 12:04:22', 0, 10.0103846),
(2715, 9, '2021-04-18 07:04:21', 1, 0.0012629),
(2666, 4, '2021-04-18 02:05:01', 1, 0.1081772),
(2763, 6, '2021-04-18 12:04:02', 1, 0.0013618),
(2714, 7, '2021-04-18 07:04:21', 0, 10.0095129),
(2665, 9, '2021-04-18 02:04:22', 1, 0.0006258),
(2762, 5, '2021-04-18 12:04:02', 1, 0.0887668),
(2713, 6, '2021-04-18 07:04:01', 1, 0.0012691),
(2664, 7, '2021-04-18 02:04:22', 0, 10.0103474),
(2761, 4, '2021-04-18 12:04:02', 1, 0.1124971),
(2712, 5, '2021-04-18 07:04:01', 1, 0.1710682),
(2663, 6, '2021-04-18 02:04:02', 1, 0.0013430),
(2760, 9, '2021-04-18 11:05:21', 1, 0.0005300),
(2711, 4, '2021-04-18 07:04:01', 1, 0.1134150),
(2662, 5, '2021-04-18 02:04:02', 1, 0.1721461),
(2759, 7, '2021-04-18 11:05:21', 0, 10.0103273),
(2710, 9, '2021-04-18 06:05:22', 1, 0.0005548),
(2661, 4, '2021-04-18 02:04:02', 1, 0.0954480),
(2758, 6, '2021-04-18 11:05:01', 1, 0.0012431),
(2709, 7, '2021-04-18 06:05:22', 0, 10.0103474),
(2660, 9, '2021-04-18 01:05:22', 1, 0.0006120),
(2757, 5, '2021-04-18 11:05:01', 1, 0.0912039),
(2708, 6, '2021-04-18 06:05:02', 1, 0.0013912),
(2659, 7, '2021-04-18 01:05:22', 0, 10.0103188),
(2756, 4, '2021-04-18 11:05:01', 1, 0.0829740),
(2707, 5, '2021-04-18 06:05:02', 1, 0.2214160),
(2658, 6, '2021-04-18 01:05:02', 1, 0.0011902),
(2755, 9, '2021-04-18 11:04:22', 1, 0.0005519),
(2706, 4, '2021-04-18 06:05:01', 1, 0.0795350),
(2657, 5, '2021-04-18 01:05:02', 1, 0.1131120),
(2754, 7, '2021-04-18 11:04:22', 0, 10.0103273),
(2705, 9, '2021-04-18 06:04:22', 1, 0.0006771),
(2656, 4, '2021-04-18 01:05:02', 1, 0.0979931),
(2753, 6, '2021-04-18 11:04:02', 1, 0.0012388),
(2704, 7, '2021-04-18 06:04:22', 0, 10.0104141),
(2655, 9, '2021-04-18 01:04:21', 1, 0.0005751),
(2752, 5, '2021-04-18 11:04:02', 1, 0.0887761),
(2703, 6, '2021-04-18 06:04:02', 1, 0.0013309),
(2654, 7, '2021-04-18 01:04:21', 0, 10.0103254),
(2751, 4, '2021-04-18 11:04:02', 1, 0.1039050),
(2702, 5, '2021-04-18 06:04:02', 1, 0.1826448),
(2653, 6, '2021-04-18 01:04:01', 1, 0.0012469),
(2750, 9, '2021-04-18 10:05:22', 1, 0.0004940),
(2701, 4, '2021-04-18 06:04:02', 1, 0.1150320),
(2652, 5, '2021-04-18 01:04:01', 1, 0.0965791),
(2749, 7, '2021-04-18 10:05:22', 0, 10.0103588),
(2700, 9, '2021-04-18 05:05:22', 1, 0.0005500),
(2651, 4, '2021-04-18 01:04:01', 1, 0.0882530),
(2748, 6, '2021-04-18 10:05:02', 1, 0.0012910),
(2699, 7, '2021-04-18 05:05:22', 0, 10.0040359),
(2650, 9, '2021-04-18 00:05:21', 1, 0.0004530),
(2747, 5, '2021-04-18 10:05:02', 1, 0.1816471),
(2698, 6, '2021-04-18 05:05:02', 1, 0.0045159),
(2649, 7, '2021-04-18 00:05:21', 0, 10.0031080),
(2746, 4, '2021-04-18 10:05:01', 1, 0.0515680),
(2697, 5, '2021-04-18 05:05:02', 1, 0.1921511),
(2648, 6, '2021-04-18 00:05:01', 1, 0.0012829),
(2745, 9, '2021-04-18 10:04:22', 1, 0.0005879),
(2696, 4, '2021-04-18 05:05:02', 1, 0.0880401),
(2647, 5, '2021-04-18 00:05:01', 1, 0.0894048),
(2642, 5, '2021-04-18 00:04:02', 1, 0.1982138),
(2643, 6, '2021-04-18 00:04:02', 1, 0.0006440),
(2644, 7, '2021-04-18 00:04:22', 0, 10.0103273),
(2645, 9, '2021-04-18 00:04:22', 1, 0.0005240),
(2646, 4, '2021-04-18 00:05:01', 1, 0.0812850),
(926, 4, '2021-04-11 00:04:02', 0, 0.1622992),
(927, 5, '2021-04-11 00:04:02', 1, 0.1970110),
(928, 6, '2021-04-11 00:04:02', 1, 0.0012391),
(929, 7, '2021-04-11 00:04:22', 0, 10.0102797),
(930, 9, '2021-04-11 00:04:42', 0, 10.0102940),
(931, 4, '2021-04-11 00:05:02', 0, 0.2297599),
(932, 5, '2021-04-11 00:05:02', 1, 0.1037540),
(933, 6, '2021-04-11 00:05:02', 1, 0.0012441),
(934, 7, '2021-04-11 00:05:22', 0, 10.0102930),
(935, 9, '2021-04-11 00:05:42', 0, 10.0102558),
(936, 4, '2021-04-11 01:04:02', 0, 0.1770940),
(937, 5, '2021-04-11 01:04:02', 1, 0.1349590),
(938, 6, '2021-04-11 01:04:02', 1, 0.0013261),
(939, 7, '2021-04-11 01:04:22', 0, 10.0102949),
(940, 9, '2021-04-11 01:04:42', 0, 10.0103149),
(941, 4, '2021-04-11 01:05:02', 0, 0.2401340),
(942, 5, '2021-04-11 01:05:02', 1, 0.1927001),
(943, 6, '2021-04-11 01:05:02', 1, 0.0012870),
(944, 7, '2021-04-11 01:05:22', 0, 10.0103083),
(945, 9, '2021-04-11 01:05:42', 0, 10.0103073),
(946, 4, '2021-04-11 02:04:02', 0, 0.1760781),
(947, 5, '2021-04-11 02:04:02', 1, 0.0973761),
(948, 6, '2021-04-11 02:04:02', 1, 0.0011961),
(949, 7, '2021-04-11 02:04:22', 0, 10.0102749),
(950, 9, '2021-04-11 02:04:42', 0, 10.0103207),
(951, 4, '2021-04-11 02:05:02', 0, 0.1475248),
(952, 5, '2021-04-11 02:05:02', 1, 0.1088550),
(953, 6, '2021-04-11 02:05:02', 1, 0.0005591),
(954, 7, '2021-04-11 02:05:22', 0, 10.0102701),
(955, 9, '2021-04-11 02:05:42', 0, 10.0102911),
(956, 4, '2021-04-11 03:04:02', 0, 0.1823740),
(957, 5, '2021-04-11 03:04:02', 1, 0.1826160),
(958, 6, '2021-04-11 03:04:02', 1, 0.0012650),
(959, 7, '2021-04-11 03:04:22', 0, 10.0102968),
(960, 9, '2021-04-11 03:04:42', 0, 10.0033236),
(961, 4, '2021-04-11 03:05:02', 0, 0.1795931),
(962, 5, '2021-04-11 03:05:02', 1, 0.1876669),
(963, 6, '2021-04-11 03:05:02', 1, 0.0012870),
(964, 7, '2021-04-11 03:05:22', 0, 10.0102472),
(965, 9, '2021-04-11 03:05:42', 0, 10.0102329),
(966, 4, '2021-04-11 04:04:01', 0, 0.1612861),
(967, 5, '2021-04-11 04:04:01', 1, 0.1014969),
(968, 6, '2021-04-11 04:04:01', 1, 0.0012610),
(969, 7, '2021-04-11 04:04:21', 0, 10.0017529),
(970, 9, '2021-04-11 04:04:41', 0, 10.0103254),
(971, 4, '2021-04-11 04:05:02', 0, 0.1465881),
(972, 5, '2021-04-11 04:05:02', 1, 0.1029520),
(973, 6, '2021-04-11 04:05:02', 1, 0.0012360),
(974, 7, '2021-04-11 04:05:22', 0, 10.0102949),
(975, 9, '2021-04-11 04:05:42', 0, 10.0102272),
(976, 4, '2021-04-11 05:04:02', 0, 0.1823099),
(977, 5, '2021-04-11 05:04:02', 1, 0.1888890),
(978, 6, '2021-04-11 05:04:02', 1, 0.0012779),
(979, 7, '2021-04-11 05:04:22', 0, 10.0102491),
(980, 9, '2021-04-11 05:04:42', 0, 10.0095615),
(981, 4, '2021-04-11 05:05:02', 0, 0.1465161),
(982, 5, '2021-04-11 05:05:02', 1, 0.1182809),
(983, 6, '2021-04-11 05:05:02', 1, 0.0012920),
(984, 7, '2021-04-11 05:05:22', 0, 10.0103006),
(985, 9, '2021-04-11 05:05:32', 0, 7.9398890),
(986, 4, '2021-04-11 06:04:02', 0, 0.1457801),
(987, 5, '2021-04-11 06:04:02', 1, 0.1810529),
(988, 6, '2021-04-11 06:04:02', 1, 0.0013182),
(989, 7, '2021-04-11 06:04:22', 0, 10.0022526),
(990, 9, '2021-04-11 06:04:25', 0, 1.6273479),
(991, 4, '2021-04-11 06:05:02', 0, 0.1840181),
(992, 5, '2021-04-11 06:05:02', 1, 0.1045690),
(993, 6, '2021-04-11 06:05:02', 1, 0.0012670),
(994, 7, '2021-04-11 06:05:22', 0, 10.0102692),
(995, 9, '2021-04-11 06:05:26', 0, 1.7362652),
(996, 4, '2021-04-11 07:04:02', 0, 0.1766641),
(997, 5, '2021-04-11 07:04:02', 1, 0.1076720),
(998, 6, '2021-04-11 07:04:02', 1, 0.0012798),
(999, 7, '2021-04-11 07:04:22', 0, 10.0103321),
(1000, 9, '2021-04-11 07:04:42', 0, 10.0102720),
(1001, 4, '2021-04-11 07:05:02', 0, 0.1465752),
(1002, 5, '2021-04-11 07:05:02', 1, 0.1054051),
(1003, 6, '2021-04-11 07:05:02', 1, 0.0013030),
(1004, 7, '2021-04-11 07:05:22', 0, 10.0103130),
(1005, 9, '2021-04-11 07:05:42', 0, 10.0102835),
(1006, 4, '2021-04-11 08:04:02', 0, 0.1763649),
(1007, 5, '2021-04-11 08:04:02', 1, 0.1092150),
(1008, 6, '2021-04-11 08:04:02', 1, 0.0012860),
(1009, 7, '2021-04-11 08:04:22', 0, 10.0103064),
(1010, 9, '2021-04-11 08:04:43', 0, 10.0102901),
(1011, 4, '2021-04-11 08:05:01', 0, 0.1527171),
(1012, 5, '2021-04-11 08:05:01', 1, 0.1181800),
(1013, 6, '2021-04-11 08:05:01', 1, 0.0012939),
(1014, 7, '2021-04-11 08:05:21', 0, 10.0102701),
(1015, 9, '2021-04-11 08:05:41', 0, 10.0103006),
(1016, 4, '2021-04-11 09:04:02', 0, 0.1825640),
(1017, 5, '2021-04-11 09:04:02', 1, 0.1922350),
(1018, 6, '2021-04-11 09:04:02', 1, 0.0012469),
(1019, 7, '2021-04-11 09:04:22', 0, 10.0103045),
(1020, 9, '2021-04-11 09:04:42', 0, 10.0102968),
(1021, 4, '2021-04-11 09:05:02', 0, 0.2112060),
(1022, 5, '2021-04-11 09:05:02', 1, 0.1949470),
(1023, 6, '2021-04-11 09:05:02', 1, 0.0012579),
(1024, 7, '2021-04-11 09:05:22', 0, 10.0103531),
(1025, 9, '2021-04-11 09:05:42', 0, 10.0102730),
(1026, 4, '2021-04-11 10:04:02', 0, 0.1456361),
(1027, 5, '2021-04-11 10:04:02', 1, 0.1868279),
(1028, 6, '2021-04-11 10:04:02', 1, 0.0012639),
(1029, 7, '2021-04-11 10:04:22', 0, 10.0103045),
(1030, 9, '2021-04-11 10:04:42', 0, 10.0102777),
(1031, 4, '2021-04-11 10:05:01', 0, 0.1658161),
(1032, 5, '2021-04-11 10:05:01', 1, 0.2030339),
(1033, 6, '2021-04-11 10:05:01', 1, 0.0012860),
(1034, 7, '2021-04-11 10:05:21', 0, 10.0074596),
(1035, 9, '2021-04-11 10:05:41', 0, 10.0095186),
(1036, 4, '2021-04-11 11:04:02', 0, 0.1784070),
(1037, 5, '2021-04-11 11:04:02', 1, 0.2018099),
(1038, 6, '2021-04-11 11:04:02', 1, 0.0012300),
(1039, 7, '2021-04-11 11:04:22', 0, 10.0103226),
(1040, 9, '2021-04-11 11:04:42', 0, 10.0102749),
(1041, 4, '2021-04-11 11:05:02', 0, 0.1505609),
(1042, 5, '2021-04-11 11:05:02', 1, 0.1968749),
(1043, 6, '2021-04-11 11:05:02', 1, 0.0012648),
(1044, 7, '2021-04-11 11:05:22', 0, 10.0057964),
(1045, 9, '2021-04-11 11:05:42', 0, 10.0028915),
(1046, 4, '2021-04-11 12:04:02', 0, 0.1470289),
(1047, 5, '2021-04-11 12:04:02', 1, 0.2029381),
(1048, 6, '2021-04-11 12:04:02', 1, 0.0012012),
(1049, 7, '2021-04-11 12:04:22', 0, 10.0024872),
(1050, 9, '2021-04-11 12:04:42', 0, 10.0102425),
(1051, 4, '2021-04-11 12:05:02', 0, 0.1823390),
(1052, 5, '2021-04-11 12:05:02', 1, 0.2150018),
(1053, 6, '2021-04-11 12:05:02', 1, 0.0013111),
(1054, 7, '2021-04-11 12:05:22', 0, 10.0103350),
(1055, 9, '2021-04-11 12:05:42', 0, 10.0102768),
(1056, 4, '2021-04-11 13:04:02', 0, 0.1805820),
(1057, 5, '2021-04-11 13:04:02', 1, 0.1231930),
(1058, 6, '2021-04-11 13:04:02', 1, 0.0012550),
(1059, 7, '2021-04-11 13:04:22', 0, 10.0102358),
(1060, 9, '2021-04-11 13:04:42', 0, 10.0102673),
(1061, 4, '2021-04-11 13:05:02', 0, 0.1479149),
(1062, 5, '2021-04-11 13:05:02', 1, 0.2132809),
(1063, 6, '2021-04-11 13:05:02', 1, 0.0013280),
(1064, 7, '2021-04-11 13:05:22', 0, 10.0099154),
(1065, 9, '2021-04-11 13:05:42', 0, 10.0102930),
(1066, 4, '2021-04-11 14:04:02', 0, 0.2016180),
(1067, 5, '2021-04-11 14:04:02', 1, 0.1909211),
(1068, 6, '2021-04-11 14:04:02', 1, 0.0012579),
(1069, 7, '2021-04-11 14:04:22', 0, 10.0071859),
(1070, 9, '2021-04-11 14:04:42', 0, 10.0103073),
(1071, 4, '2021-04-11 14:05:02', 0, 0.1489592),
(1072, 5, '2021-04-11 14:05:02', 1, 0.0909550),
(1073, 6, '2021-04-11 14:05:02', 1, 0.0012491),
(1074, 7, '2021-04-11 14:05:22', 0, 10.0093184),
(1075, 9, '2021-04-11 14:05:42', 0, 10.0102692),
(1076, 4, '2021-04-11 15:04:02', 0, 0.1791019),
(1077, 5, '2021-04-11 15:04:02', 1, 0.1746202),
(1078, 6, '2021-04-11 15:04:02', 1, 0.0012939),
(1079, 7, '2021-04-11 15:04:22', 0, 10.0102444),
(1080, 9, '2021-04-11 15:04:42', 0, 10.0021877),
(1081, 4, '2021-04-11 15:05:01', 0, 0.1640141),
(1082, 5, '2021-04-11 15:05:02', 1, 0.1764240),
(1083, 6, '2021-04-11 15:05:02', 1, 0.0013039),
(1084, 7, '2021-04-11 15:05:22', 0, 10.0040188),
(1085, 9, '2021-04-11 15:05:42', 0, 10.0102777),
(1086, 4, '2021-04-11 16:04:02', 0, 0.1788700),
(1087, 5, '2021-04-11 16:04:02', 1, 0.1795440),
(1088, 6, '2021-04-11 16:04:02', 1, 0.0012150),
(1089, 7, '2021-04-11 16:04:22', 0, 10.0102615),
(1090, 9, '2021-04-11 16:04:42', 0, 10.0103626),
(1091, 4, '2021-04-11 16:05:02', 0, 0.1473691),
(1092, 5, '2021-04-11 16:05:02', 1, 0.1884499),
(1093, 6, '2021-04-11 16:05:02', 1, 0.0013340),
(1094, 7, '2021-04-11 16:05:22', 0, 10.0095396),
(1095, 9, '2021-04-11 16:05:42', 0, 10.0035410),
(1096, 4, '2021-04-11 17:04:02', 0, 0.1631899),
(1097, 5, '2021-04-11 17:04:02', 1, 0.0944240),
(1098, 6, '2021-04-11 17:04:02', 1, 0.0006170),
(1099, 7, '2021-04-11 17:04:22', 0, 10.0102596),
(1100, 9, '2021-04-11 17:04:42', 0, 10.0103369),
(1101, 4, '2021-04-11 17:05:02', 0, 0.1483972),
(1102, 5, '2021-04-11 17:05:02', 1, 0.1012809),
(1103, 6, '2021-04-11 17:05:02', 1, 0.0012441),
(1104, 7, '2021-04-11 17:05:22', 0, 10.0103512),
(1105, 9, '2021-04-11 17:05:42', 0, 10.0031528),
(1106, 4, '2021-04-11 18:04:03', 0, 0.1454229),
(1107, 5, '2021-04-11 18:04:03', 1, 0.1056101),
(1108, 6, '2021-04-11 18:04:03', 1, 0.0012670),
(1109, 7, '2021-04-11 18:04:23', 0, 10.0102606),
(1110, 9, '2021-04-11 18:04:43', 0, 10.0102720),
(1111, 4, '2021-04-11 18:05:01', 0, 0.1496611),
(1112, 5, '2021-04-11 18:05:01', 1, 0.1144431),
(1113, 6, '2021-04-11 18:05:01', 1, 0.0012801),
(1114, 7, '2021-04-11 18:05:22', 0, 10.0099583),
(1115, 9, '2021-04-11 18:05:42', 0, 10.0102472),
(1116, 4, '2021-04-11 19:04:01', 0, 0.1612489),
(1117, 5, '2021-04-11 19:04:02', 1, 0.0910430),
(1118, 6, '2021-04-11 19:04:02', 1, 0.0011899),
(1119, 7, '2021-04-11 19:04:22', 0, 10.0103226),
(1120, 9, '2021-04-11 19:04:42', 0, 10.0102720),
(1121, 4, '2021-04-11 19:05:01', 0, 0.1816568),
(1122, 5, '2021-04-11 19:05:01', 1, 0.0995488),
(1123, 6, '2021-04-11 19:05:01', 1, 0.0012381),
(1124, 7, '2021-04-11 19:05:21', 0, 10.0102797),
(1125, 9, '2021-04-11 19:05:41', 0, 10.0102682),
(1126, 4, '2021-04-11 20:04:02', 0, 0.1766770),
(1127, 5, '2021-04-11 20:04:02', 1, 0.1757629),
(1128, 6, '2021-04-11 20:04:02', 1, 0.0013061),
(1129, 7, '2021-04-11 20:04:22', 0, 10.0102568),
(1130, 9, '2021-04-11 20:04:42', 0, 10.0103188),
(1131, 4, '2021-04-11 20:05:02', 0, 0.1687241),
(1132, 5, '2021-04-11 20:05:02', 1, 0.1806769),
(1133, 6, '2021-04-11 20:05:02', 1, 0.0012491),
(1134, 7, '2021-04-11 20:05:22', 0, 10.0102987),
(1135, 9, '2021-04-11 20:05:42', 0, 10.0102673),
(1136, 4, '2021-04-11 21:04:02', 0, 0.1613209),
(1137, 5, '2021-04-11 21:04:02', 1, 0.1808069),
(1138, 6, '2021-04-11 21:04:02', 1, 0.0012848),
(1139, 7, '2021-04-11 21:04:22', 0, 10.0102377),
(1140, 9, '2021-04-11 21:04:42', 0, 10.0103197),
(1141, 4, '2021-04-11 21:05:02', 0, 0.1785200),
(1142, 5, '2021-04-11 21:05:02', 1, 0.1722651),
(1143, 6, '2021-04-11 21:05:02', 1, 0.0012751),
(1144, 7, '2021-04-11 21:05:22', 0, 10.0093346),
(1145, 9, '2021-04-11 21:05:42', 0, 10.0103064),
(1146, 4, '2021-04-11 22:04:02', 0, 0.1797020),
(1147, 5, '2021-04-11 22:04:02', 1, 0.1127720),
(1148, 6, '2021-04-11 22:04:02', 1, 0.0012050),
(1149, 7, '2021-04-11 22:04:22', 0, 10.0102949),
(1150, 9, '2021-04-11 22:04:42', 0, 10.0103149),
(1151, 4, '2021-04-11 22:05:02', 0, 0.1638319),
(1152, 5, '2021-04-11 22:05:02', 1, 0.0979390),
(1153, 6, '2021-04-11 22:05:02', 1, 0.0012491),
(1154, 7, '2021-04-11 22:05:22', 0, 10.0102606),
(1155, 9, '2021-04-11 22:05:42', 0, 10.0076675),
(1156, 4, '2021-04-11 23:04:02', 0, 0.1795809),
(1157, 5, '2021-04-11 23:04:02', 1, 0.1160829),
(1158, 6, '2021-04-11 23:04:02', 1, 0.0012529),
(1159, 7, '2021-04-11 23:04:22', 0, 10.0103312),
(1160, 9, '2021-04-11 23:04:42', 0, 10.0103664),
(1161, 4, '2021-04-11 23:05:02', 0, 0.1711459),
(1162, 5, '2021-04-11 23:05:02', 1, 0.1086330),
(1163, 6, '2021-04-11 23:05:02', 1, 0.0013251),
(1164, 7, '2021-04-11 23:05:22', 0, 10.0098495),
(1165, 9, '2021-04-11 23:05:42', 0, 10.0103769),
(1166, 4, '2021-04-12 00:04:02', 0, 0.1444271),
(1167, 5, '2021-04-12 00:04:02', 1, 0.1862259),
(1168, 6, '2021-04-12 00:04:02', 1, 0.0006149),
(1169, 7, '2021-04-12 00:04:22', 0, 10.0102777),
(1170, 9, '2021-04-12 00:04:42', 0, 10.0103884),
(1171, 4, '2021-04-12 00:05:02', 0, 0.1489279),
(1172, 5, '2021-04-12 00:05:02', 1, 0.1833510),
(1173, 6, '2021-04-12 00:05:02', 1, 0.0005991),
(1174, 7, '2021-04-12 00:05:22', 0, 10.0102768),
(1175, 9, '2021-04-12 00:05:42', 0, 10.0103130),
(1176, 4, '2021-04-12 01:04:02', 0, 0.1775000),
(1177, 5, '2021-04-12 01:04:02', 1, 0.0908539),
(1178, 6, '2021-04-12 01:04:02', 1, 0.0012040),
(1179, 7, '2021-04-12 01:04:22', 0, 10.0102739),
(1180, 9, '2021-04-12 01:04:42', 0, 10.0103722),
(1181, 4, '2021-04-12 01:05:01', 0, 0.1499989),
(1182, 5, '2021-04-12 01:05:02', 1, 0.1720369),
(1183, 6, '2021-04-12 01:05:02', 1, 0.0013230),
(1184, 7, '2021-04-12 01:05:22', 0, 10.0102968),
(1185, 9, '2021-04-12 01:05:42', 0, 10.0103664),
(1186, 4, '2021-04-12 02:04:02', 0, 0.1460671),
(1187, 5, '2021-04-12 02:04:03', 1, 0.1864359),
(1188, 6, '2021-04-12 02:04:03', 1, 0.0013871),
(1189, 7, '2021-04-12 02:04:23', 0, 10.0102873),
(1190, 9, '2021-04-12 02:04:43', 0, 10.0103207),
(1191, 4, '2021-04-12 02:05:01', 0, 0.1830339),
(1192, 5, '2021-04-12 02:05:01', 1, 0.0892971),
(1193, 6, '2021-04-12 02:05:01', 1, 0.0012689),
(1194, 7, '2021-04-12 02:05:21', 0, 10.0102634),
(1195, 9, '2021-04-12 02:05:41', 0, 10.0103340),
(1196, 4, '2021-04-12 03:04:01', 0, 0.1470950),
(1197, 5, '2021-04-12 03:04:01', 1, 0.0862741),
(1198, 6, '2021-04-12 03:04:01', 1, 0.0012650),
(1199, 7, '2021-04-12 03:04:21', 0, 10.0095901),
(1200, 9, '2021-04-12 03:04:41', 0, 10.0103083),
(1201, 4, '2021-04-12 03:05:02', 0, 0.1815910),
(1202, 5, '2021-04-12 03:05:02', 1, 0.0890749),
(1203, 6, '2021-04-12 03:05:02', 1, 0.0012219),
(1204, 7, '2021-04-12 03:05:22', 0, 10.0099792),
(1205, 9, '2021-04-12 03:05:42', 0, 10.0102835),
(1206, 4, '2021-04-12 04:04:02', 0, 0.1630349),
(1207, 5, '2021-04-12 04:04:02', 1, 0.0916002),
(1208, 6, '2021-04-12 04:04:02', 1, 0.0012589),
(1209, 7, '2021-04-12 04:04:22', 0, 10.0102987),
(1210, 9, '2021-04-12 04:04:42', 0, 10.0103340),
(1211, 4, '2021-04-12 04:05:02', 0, 0.1675198),
(1212, 5, '2021-04-12 04:05:02', 1, 0.1020842),
(1213, 6, '2021-04-12 04:05:02', 1, 0.0011899),
(1214, 7, '2021-04-12 04:05:22', 0, 10.0102501),
(1215, 9, '2021-04-12 04:05:42', 0, 10.0018578),
(1216, 4, '2021-04-12 05:04:02', 0, 0.1795840),
(1217, 5, '2021-04-12 05:04:02', 1, 0.1013970),
(1218, 6, '2021-04-12 05:04:02', 1, 0.0012510),
(1219, 7, '2021-04-12 05:04:22', 0, 10.0103292),
(1220, 9, '2021-04-12 05:04:42', 0, 10.0102816),
(1221, 4, '2021-04-12 05:05:02', 0, 0.1837571),
(1222, 5, '2021-04-12 05:05:02', 1, 0.1742961),
(1223, 6, '2021-04-12 05:05:02', 1, 0.0012219),
(1224, 7, '2021-04-12 05:05:22', 0, 10.0079985),
(1225, 9, '2021-04-12 05:05:42', 0, 10.0082045),
(1226, 4, '2021-04-12 06:04:02', 0, 0.1837008),
(1227, 5, '2021-04-12 06:04:02', 1, 0.1841209),
(1228, 6, '2021-04-12 06:04:02', 1, 0.0013170),
(1229, 7, '2021-04-12 06:04:22', 0, 10.0102072),
(1230, 9, '2021-04-12 06:04:42', 0, 10.0102568),
(1231, 4, '2021-04-12 06:05:02', 0, 0.1537259),
(1232, 5, '2021-04-12 06:05:02', 1, 0.1825180),
(1233, 6, '2021-04-12 06:05:02', 1, 0.0012670),
(1234, 7, '2021-04-12 06:05:22', 0, 10.0103045),
(1235, 9, '2021-04-12 06:05:42', 0, 10.0015345),
(1236, 4, '2021-04-12 07:04:02', 0, 0.1788630),
(1237, 5, '2021-04-12 07:04:02', 1, 0.0901220),
(1238, 6, '2021-04-12 07:04:02', 1, 0.0012279),
(1239, 7, '2021-04-12 07:04:22', 0, 10.0102930),
(1240, 9, '2021-04-12 07:04:42', 0, 10.0102243),
(1241, 4, '2021-04-12 07:05:02', 0, 0.1856680),
(1242, 5, '2021-04-12 07:05:02', 1, 0.1106870),
(1243, 6, '2021-04-12 07:05:02', 1, 0.0013020),
(1244, 7, '2021-04-12 07:05:22', 0, 10.0102940),
(1245, 9, '2021-04-12 07:05:42', 0, 10.0102921),
(1246, 4, '2021-04-12 08:04:02', 0, 0.1860700),
(1247, 5, '2021-04-12 08:04:02', 1, 0.1782069),
(1248, 6, '2021-04-12 08:04:02', 1, 0.0012441),
(1249, 7, '2021-04-12 08:04:22', 0, 10.0103073),
(1250, 9, '2021-04-12 08:04:42', 0, 10.0102844),
(1251, 4, '2021-04-12 08:05:02', 0, 0.2292869);
INSERT INTO `psm_servers_uptime` (`servers_uptime_id`, `server_id`, `date`, `status`, `latency`) VALUES
(1252, 5, '2021-04-12 08:05:02', 1, 0.1885779),
(1253, 6, '2021-04-12 08:05:02', 1, 0.0013461),
(1254, 7, '2021-04-12 08:05:22', 0, 10.0102854),
(1255, 9, '2021-04-12 08:05:42', 0, 10.0094900),
(1256, 4, '2021-04-12 09:04:02', 0, 0.1771660),
(1257, 5, '2021-04-12 09:04:02', 1, 0.1890440),
(1258, 6, '2021-04-12 09:04:02', 1, 0.0012572),
(1259, 7, '2021-04-12 09:04:22', 0, 10.0063887),
(1260, 9, '2021-04-12 09:04:42', 0, 10.0102901),
(1261, 4, '2021-04-12 09:05:02', 0, 0.1702032),
(1262, 5, '2021-04-12 09:05:02', 1, 0.0927660),
(1263, 6, '2021-04-12 09:05:02', 1, 0.0005820),
(1264, 7, '2021-04-12 09:05:22', 0, 10.0102863),
(1265, 9, '2021-04-12 09:05:42', 0, 10.0103207),
(1266, 4, '2021-04-12 10:04:03', 0, 0.1780698),
(1267, 5, '2021-04-12 10:04:03', 1, 0.1040540),
(1268, 6, '2021-04-12 10:04:03', 1, 0.0012209),
(1269, 7, '2021-04-12 10:04:23', 0, 10.0102835),
(1270, 9, '2021-04-12 10:04:43', 0, 10.0103159),
(1271, 4, '2021-04-12 10:05:01', 0, 0.1905830),
(1272, 5, '2021-04-12 10:05:02', 1, 0.6987901),
(1273, 6, '2021-04-12 10:05:02', 1, 0.0012119),
(1274, 7, '2021-04-12 10:05:22', 0, 10.0102930),
(1275, 9, '2021-04-12 10:05:42', 0, 10.0102930),
(1276, 4, '2021-04-12 11:04:02', 0, 0.1868110),
(1277, 5, '2021-04-12 11:04:02', 1, 0.1892560),
(1278, 6, '2021-04-12 11:04:02', 1, 0.0012820),
(1279, 7, '2021-04-12 11:04:22', 0, 10.0079660),
(1280, 9, '2021-04-12 11:04:42', 0, 10.0096188),
(1281, 4, '2021-04-12 11:05:02', 0, 0.1658258),
(1282, 5, '2021-04-12 11:05:02', 1, 0.1936691),
(1283, 6, '2021-04-12 11:05:02', 1, 0.0012419),
(1284, 7, '2021-04-12 11:05:22', 0, 10.0102224),
(1285, 9, '2021-04-12 11:05:42', 0, 10.0102224),
(1286, 4, '2021-04-12 12:04:02', 0, 0.1951091),
(1287, 5, '2021-04-12 12:04:03', 1, 0.1852300),
(1288, 6, '2021-04-12 12:04:03', 1, 0.0012660),
(1289, 7, '2021-04-12 12:04:23', 0, 10.0102463),
(1290, 9, '2021-04-12 12:04:43', 0, 10.0102911),
(1291, 4, '2021-04-12 12:05:01', 0, 0.1524520),
(1292, 5, '2021-04-12 12:05:01', 1, 0.1787870),
(1293, 6, '2021-04-12 12:05:01', 1, 0.0012169),
(1294, 7, '2021-04-12 12:05:21', 0, 10.0102224),
(1295, 9, '2021-04-12 12:05:41', 0, 10.0102901),
(1296, 4, '2021-04-12 13:04:02', 0, 0.1838028),
(1297, 5, '2021-04-12 13:04:02', 1, 0.1865940),
(1298, 6, '2021-04-12 13:04:02', 1, 0.0012350),
(1299, 7, '2021-04-12 13:04:22', 0, 10.0103073),
(1300, 9, '2021-04-12 13:04:42', 0, 10.0103025),
(1301, 4, '2021-04-12 13:05:02', 0, 0.1584060),
(1302, 5, '2021-04-12 13:05:02', 1, 0.3252811),
(1303, 6, '2021-04-12 13:05:02', 1, 0.0012381),
(1304, 7, '2021-04-12 13:05:22', 0, 10.0102949),
(1305, 9, '2021-04-12 13:05:42', 0, 10.0103312),
(1306, 4, '2021-04-12 14:04:02', 0, 0.2027140),
(1307, 5, '2021-04-12 14:04:02', 1, 0.2047920),
(1308, 6, '2021-04-12 14:04:02', 1, 0.0012829),
(1309, 7, '2021-04-12 14:04:22', 0, 10.0102043),
(1310, 9, '2021-04-12 14:04:43', 0, 10.0103188),
(1311, 4, '2021-04-12 14:05:01', 0, 0.1666081),
(1312, 5, '2021-04-12 14:05:01', 1, 0.0901642),
(1313, 6, '2021-04-12 14:05:01', 1, 0.0012369),
(1314, 7, '2021-04-12 14:05:21', 0, 10.0102892),
(1315, 9, '2021-04-12 14:05:41', 0, 10.0102797),
(1316, 4, '2021-04-12 15:04:02', 0, 0.1790550),
(1317, 5, '2021-04-12 15:04:02', 1, 0.1697259),
(1318, 6, '2021-04-12 15:04:02', 1, 0.0012870),
(1319, 7, '2021-04-12 15:04:22', 0, 10.0083427),
(1320, 9, '2021-04-12 15:04:42', 0, 10.0103111),
(1321, 4, '2021-04-12 15:05:01', 0, 0.1746309),
(1322, 5, '2021-04-12 15:05:02', 1, 0.1980660),
(1323, 6, '2021-04-12 15:05:02', 1, 0.0012109),
(1324, 7, '2021-04-12 15:05:22', 0, 10.0049763),
(1325, 9, '2021-04-12 15:05:42', 0, 10.0040445),
(1326, 4, '2021-04-12 16:04:02', 0, 0.1831281),
(1327, 5, '2021-04-12 16:04:03', 1, 0.1677310),
(1328, 6, '2021-04-12 16:04:03', 1, 0.0012710),
(1329, 7, '2021-04-12 16:04:23', 0, 10.0075998),
(1330, 9, '2021-04-12 16:04:43', 0, 10.0102358),
(1331, 4, '2021-04-12 16:05:01', 0, 0.1832359),
(1332, 5, '2021-04-12 16:05:01', 1, 0.0968521),
(1333, 6, '2021-04-12 16:05:01', 1, 0.0012960),
(1334, 7, '2021-04-12 16:05:21', 0, 10.0102549),
(1335, 9, '2021-04-12 16:05:41', 0, 10.0103025),
(1336, 4, '2021-04-12 17:04:02', 0, 0.1653900),
(1337, 5, '2021-04-12 17:04:02', 1, 0.0958481),
(1338, 6, '2021-04-12 17:04:02', 1, 0.0012240),
(1339, 7, '2021-04-12 17:04:22', 0, 10.0102816),
(1340, 9, '2021-04-12 17:04:42', 0, 10.0100422),
(1341, 4, '2021-04-12 17:05:02', 0, 0.1518390),
(1342, 5, '2021-04-12 17:05:02', 1, 0.1006420),
(1343, 6, '2021-04-12 17:05:02', 1, 0.0012472),
(1344, 7, '2021-04-12 17:05:22', 0, 10.0094442),
(1345, 9, '2021-04-12 17:05:42', 0, 10.0103006),
(1346, 4, '2021-04-12 18:04:03', 0, 0.1697760),
(1347, 5, '2021-04-12 18:04:03', 1, 0.1014059),
(1348, 6, '2021-04-12 18:04:03', 1, 0.0012190),
(1349, 7, '2021-04-12 18:04:23', 0, 10.0102634),
(1350, 9, '2021-04-12 18:04:43', 0, 10.0103045),
(1351, 4, '2021-04-12 18:05:02', 0, 0.1826680),
(1352, 5, '2021-04-12 18:05:02', 1, 0.1104300),
(1353, 6, '2021-04-12 18:05:02', 1, 0.0013030),
(1354, 7, '2021-04-12 18:05:22', 0, 10.0102673),
(1355, 9, '2021-04-12 18:05:42', 0, 10.0103264),
(1356, 4, '2021-04-12 19:04:02', 0, 0.1568701),
(1357, 5, '2021-04-12 19:04:02', 1, 0.0885060),
(1358, 6, '2021-04-12 19:04:02', 1, 0.0011959),
(1359, 7, '2021-04-12 19:04:22', 0, 10.0103617),
(1360, 9, '2021-04-12 19:04:42', 0, 10.0102949),
(1361, 4, '2021-04-12 19:05:02', 0, 0.1680729),
(1362, 5, '2021-04-12 19:05:02', 1, 0.1701629),
(1363, 6, '2021-04-12 19:05:02', 1, 0.0012052),
(1364, 7, '2021-04-12 19:05:22', 0, 10.0101309),
(1365, 9, '2021-04-12 19:05:42', 0, 10.0102882),
(1366, 4, '2021-04-12 20:04:02', 0, 0.1788239),
(1367, 5, '2021-04-12 20:04:02', 1, 0.1804729),
(1368, 6, '2021-04-12 20:04:02', 1, 0.0012791),
(1369, 7, '2021-04-12 20:04:22', 0, 10.0102634),
(1370, 9, '2021-04-12 20:04:42', 0, 10.0103121),
(1371, 4, '2021-04-12 20:05:02', 0, 0.1509151),
(1372, 5, '2021-04-12 20:05:02', 1, 0.1777809),
(1373, 6, '2021-04-12 20:05:02', 1, 0.0011981),
(1374, 7, '2021-04-12 20:05:22', 0, 10.0009537),
(1375, 9, '2021-04-12 20:05:42', 0, 10.0102386),
(1376, 4, '2021-04-12 21:04:01', 0, 0.1790040),
(1377, 5, '2021-04-12 21:04:01', 1, 0.1976969),
(1378, 6, '2021-04-12 21:04:01', 1, 0.0013700),
(1379, 7, '2021-04-12 21:04:21', 0, 10.0052853),
(1380, 9, '2021-04-12 21:04:41', 0, 10.0103188),
(1381, 4, '2021-04-12 21:05:02', 0, 0.1515570),
(1382, 5, '2021-04-12 21:05:02', 1, 0.2002051),
(1383, 6, '2021-04-12 21:05:02', 1, 0.0011971),
(1384, 7, '2021-04-12 21:05:22', 0, 10.0102787),
(1385, 9, '2021-04-12 21:05:42', 0, 10.0103474),
(1386, 4, '2021-04-12 22:04:02', 0, 0.1644790),
(1387, 5, '2021-04-12 22:04:02', 1, 0.1750729),
(1388, 6, '2021-04-12 22:04:02', 1, 0.0012591),
(1389, 7, '2021-04-12 22:04:22', 0, 10.0103006),
(1390, 9, '2021-04-12 22:04:42', 0, 10.0103178),
(1391, 4, '2021-04-12 22:05:02', 0, 0.1488972),
(1392, 5, '2021-04-12 22:05:02', 1, 0.1754701),
(1393, 6, '2021-04-12 22:05:02', 1, 0.0012150),
(1394, 7, '2021-04-12 22:05:22', 0, 10.0102577),
(1395, 9, '2021-04-12 22:05:42', 0, 10.0103216),
(1396, 4, '2021-04-12 23:04:02', 0, 0.1784520),
(1397, 5, '2021-04-12 23:04:02', 1, 0.0979810),
(1398, 6, '2021-04-12 23:04:02', 1, 0.0013809),
(1399, 7, '2021-04-12 23:04:22', 0, 10.0012074),
(1400, 9, '2021-04-12 23:04:42', 0, 10.0006237),
(1401, 4, '2021-04-12 23:05:02', 0, 0.1504240),
(1402, 5, '2021-04-12 23:05:02', 1, 0.1233521),
(1403, 6, '2021-04-12 23:05:02', 1, 0.0012341),
(1404, 7, '2021-04-12 23:05:22', 0, 10.0099487),
(1405, 9, '2021-04-12 23:05:42', 0, 10.0095091),
(1406, 4, '2021-04-13 00:04:02', 0, 0.1905742),
(1407, 5, '2021-04-13 00:04:02', 1, 0.1885731),
(1408, 6, '2021-04-13 00:04:02', 1, 0.0013139),
(1409, 7, '2021-04-13 00:04:22', 0, 10.0103321),
(1410, 9, '2021-04-13 00:04:42', 0, 10.0103130),
(1411, 4, '2021-04-13 00:05:02', 0, 0.1634929),
(1412, 5, '2021-04-13 00:05:02', 1, 0.1768830),
(1413, 6, '2021-04-13 00:05:02', 1, 0.0012591),
(1414, 7, '2021-04-13 00:05:22', 0, 10.0052691),
(1415, 9, '2021-04-13 00:05:42', 0, 10.0102711),
(1416, 4, '2021-04-13 01:04:02', 0, 0.1933439),
(1417, 5, '2021-04-13 01:04:02', 1, 0.0957968),
(1418, 6, '2021-04-13 01:04:02', 1, 0.0012772),
(1419, 7, '2021-04-13 01:04:22', 0, 10.0102634),
(1420, 9, '2021-04-13 01:04:42', 0, 10.0099792),
(1421, 4, '2021-04-13 01:05:02', 0, 0.1503429),
(1422, 5, '2021-04-13 01:05:02', 1, 0.1060441),
(1423, 6, '2021-04-13 01:05:02', 1, 0.0013130),
(1424, 7, '2021-04-13 01:05:22', 0, 10.0101414),
(1425, 9, '2021-04-13 01:05:42', 0, 10.0103416),
(1426, 4, '2021-04-13 02:04:02', 0, 0.1764259),
(1427, 5, '2021-04-13 02:04:03', 1, 0.0913520),
(1428, 6, '2021-04-13 02:04:03', 1, 0.0013070),
(1429, 7, '2021-04-13 02:04:23', 0, 10.0071602),
(1430, 9, '2021-04-13 02:04:43', 0, 10.0093861),
(1431, 4, '2021-04-13 02:05:01', 0, 0.1496859),
(1432, 5, '2021-04-13 02:05:01', 1, 0.1047049),
(1433, 6, '2021-04-13 02:05:01', 1, 0.0012529),
(1434, 7, '2021-04-13 02:05:21', 0, 10.0102539),
(1435, 9, '2021-04-13 02:05:41', 0, 10.0103045),
(1436, 4, '2021-04-13 03:04:01', 0, 0.1768382),
(1437, 5, '2021-04-13 03:04:02', 1, 0.1138351),
(1438, 6, '2021-04-13 03:04:02', 1, 0.0012469),
(1439, 7, '2021-04-13 03:04:22', 0, 10.0103025),
(1440, 9, '2021-04-13 03:04:42', 0, 10.0008163),
(1441, 4, '2021-04-13 03:05:01', 0, 0.1847620),
(1442, 5, '2021-04-13 03:05:01', 1, 0.1116059),
(1443, 6, '2021-04-13 03:05:01', 1, 0.0013230),
(1444, 7, '2021-04-13 03:05:21', 0, 10.0102968),
(1445, 9, '2021-04-13 03:05:41', 0, 10.0103140),
(1446, 4, '2021-04-13 04:04:02', 0, 0.1953499),
(1447, 5, '2021-04-13 04:04:02', 1, 0.1793940),
(1448, 6, '2021-04-13 04:04:02', 1, 0.0013402),
(1449, 7, '2021-04-13 04:04:22', 0, 10.0103903),
(1450, 9, '2021-04-13 04:04:42', 0, 10.0102510),
(1451, 4, '2021-04-13 04:05:02', 0, 0.1475241),
(1452, 5, '2021-04-13 04:05:02', 1, 0.1757791),
(1453, 6, '2021-04-13 04:05:02', 1, 0.0012789),
(1454, 7, '2021-04-13 04:05:22', 0, 10.0102911),
(1455, 9, '2021-04-13 04:05:42', 0, 10.0103369),
(1456, 4, '2021-04-13 05:04:02', 0, 0.1483359),
(1457, 5, '2021-04-13 05:04:03', 1, 0.1782079),
(1458, 6, '2021-04-13 05:04:03', 1, 0.0012660),
(1459, 7, '2021-04-13 05:04:23', 0, 10.0085392),
(1460, 9, '2021-04-13 05:04:43', 0, 10.0103006),
(1461, 4, '2021-04-13 05:05:01', 0, 0.1530108),
(1462, 5, '2021-04-13 05:05:01', 1, 0.0989611),
(1463, 6, '2021-04-13 05:05:01', 1, 0.0012560),
(1464, 7, '2021-04-13 05:05:22', 0, 10.0103025),
(1465, 9, '2021-04-13 05:05:42', 0, 10.0103025),
(1466, 4, '2021-04-13 06:04:02', 0, 0.1759808),
(1467, 5, '2021-04-13 06:04:02', 1, 0.1075890),
(1468, 6, '2021-04-13 06:04:02', 1, 0.0011680),
(1469, 7, '2021-04-13 06:04:22', 0, 10.0103025),
(1470, 9, '2021-04-13 06:04:42', 0, 10.0102978),
(1471, 4, '2021-04-13 06:05:02', 0, 0.1678500),
(1472, 5, '2021-04-13 06:05:02', 1, 0.1165559),
(1473, 6, '2021-04-13 06:05:02', 1, 0.0011640),
(1474, 7, '2021-04-13 06:05:22', 0, 10.0103226),
(1475, 9, '2021-04-13 06:05:42', 0, 10.0103130),
(1476, 4, '2021-04-13 07:04:02', 0, 0.1618888),
(1477, 5, '2021-04-13 07:04:02', 1, 0.1085870),
(1478, 6, '2021-04-13 07:04:02', 1, 0.0012741),
(1479, 7, '2021-04-13 07:04:22', 0, 10.0098457),
(1480, 9, '2021-04-13 07:04:42', 0, 10.0046721),
(1481, 4, '2021-04-13 07:05:02', 0, 0.1813061),
(1482, 5, '2021-04-13 07:05:02', 1, 0.1023731),
(1483, 6, '2021-04-13 07:05:02', 1, 0.0012078),
(1484, 7, '2021-04-13 07:05:22', 0, 10.0103865),
(1485, 9, '2021-04-13 07:05:42', 0, 10.0102987),
(1486, 4, '2021-04-13 08:04:02', 0, 0.1614308),
(1487, 5, '2021-04-13 08:04:02', 1, 0.1690869),
(1488, 6, '2021-04-13 08:04:02', 1, 0.0013049),
(1489, 7, '2021-04-13 08:04:22', 0, 10.0057669),
(1490, 9, '2021-04-13 08:04:42', 0, 10.0054417),
(1491, 4, '2021-04-13 08:05:02', 0, 0.1789849),
(1492, 5, '2021-04-13 08:05:02', 1, 0.1078711),
(1493, 6, '2021-04-13 08:05:02', 1, 0.0011389),
(1494, 7, '2021-04-13 08:05:22', 0, 10.0103226),
(1495, 9, '2021-04-13 08:05:42', 0, 10.0102739),
(1496, 4, '2021-04-13 09:04:02', 0, 0.1769001),
(1497, 5, '2021-04-13 09:04:02', 1, 0.1870720),
(1498, 6, '2021-04-13 09:04:02', 1, 0.0012841),
(1499, 7, '2021-04-13 09:04:22', 0, 10.0104027),
(1500, 9, '2021-04-13 09:04:42', 0, 10.0007896),
(1501, 4, '2021-04-13 09:05:02', 0, 0.1476028),
(1502, 5, '2021-04-13 09:05:02', 1, 0.1797171),
(1503, 6, '2021-04-13 09:05:02', 1, 0.0011501),
(1504, 7, '2021-04-13 09:05:22', 0, 10.0103626),
(1505, 9, '2021-04-13 09:05:42', 0, 10.0096807),
(1506, 4, '2021-04-13 10:04:02', 0, 0.1781092),
(1507, 5, '2021-04-13 10:04:03', 1, 0.1849780),
(1508, 6, '2021-04-13 10:04:03', 1, 0.0012281),
(1509, 7, '2021-04-13 10:04:23', 0, 10.0104027),
(1510, 9, '2021-04-13 10:04:43', 0, 10.0103455),
(1511, 4, '2021-04-13 10:05:01', 0, 0.1810820),
(1512, 5, '2021-04-13 10:05:02', 1, 0.1718781),
(1513, 6, '2021-04-13 10:05:02', 1, 0.0012710),
(1514, 7, '2021-04-13 10:05:22', 0, 10.0094042),
(1515, 9, '2021-04-13 10:05:42', 0, 10.0103054),
(1516, 4, '2021-04-13 11:04:01', 0, 0.1835780),
(1517, 5, '2021-04-13 11:04:02', 1, 0.1732929),
(1518, 6, '2021-04-13 11:04:02', 1, 0.0012140),
(1519, 7, '2021-04-13 11:04:22', 0, 10.0103664),
(1520, 9, '2021-04-13 11:04:42', 0, 10.0103664),
(1521, 4, '2021-04-13 11:05:01', 0, 0.1842608),
(1522, 5, '2021-04-13 11:05:01', 1, 0.1934590),
(1523, 6, '2021-04-13 11:05:01', 1, 0.0012419),
(1524, 7, '2021-04-13 11:05:21', 0, 10.0047541),
(1525, 9, '2021-04-13 11:05:41', 0, 10.0103092),
(1526, 4, '2021-04-13 12:04:02', 0, 0.1791439),
(1527, 5, '2021-04-13 12:04:02', 1, 0.1715412),
(1528, 6, '2021-04-13 12:04:02', 1, 0.0013051),
(1529, 7, '2021-04-13 12:04:22', 0, 10.0103712),
(1530, 9, '2021-04-13 12:04:43', 0, 10.0043859),
(1531, 4, '2021-04-13 12:05:01', 0, 0.1983719),
(1532, 5, '2021-04-13 12:05:01', 1, 0.1012979),
(1533, 6, '2021-04-13 12:05:01', 1, 0.0013020),
(1534, 7, '2021-04-13 12:05:21', 0, 10.0103092),
(1535, 9, '2021-04-13 12:05:41', 0, 10.0030432),
(1536, 4, '2021-04-13 13:04:02', 0, 0.1671460),
(1537, 5, '2021-04-13 13:04:02', 1, 0.1005771),
(1538, 6, '2021-04-13 13:04:02', 1, 0.0012910),
(1539, 7, '2021-04-13 13:04:22', 0, 10.0040855),
(1540, 9, '2021-04-13 13:04:42', 0, 10.0103159),
(1541, 4, '2021-04-13 13:05:02', 0, 0.1846731),
(1542, 5, '2021-04-13 13:05:02', 1, 0.1261661),
(1543, 6, '2021-04-13 13:05:02', 1, 0.0011680),
(1544, 7, '2021-04-13 13:05:22', 0, 10.0039883),
(1545, 9, '2021-04-13 13:05:42', 0, 10.0103273),
(1546, 4, '2021-04-13 14:04:02', 0, 0.1778631),
(1547, 5, '2021-04-13 14:04:02', 1, 0.1185381),
(1548, 6, '2021-04-13 14:04:02', 1, 0.0012548),
(1549, 7, '2021-04-13 14:04:22', 0, 10.0025091),
(1550, 9, '2021-04-13 14:04:42', 0, 10.0103712),
(1551, 4, '2021-04-13 14:05:02', 0, 0.1869111),
(1552, 5, '2021-04-13 14:05:02', 1, 0.0938971),
(1553, 6, '2021-04-13 14:05:02', 1, 0.0013058),
(1554, 7, '2021-04-13 14:05:22', 0, 10.0104122),
(1555, 9, '2021-04-13 14:05:42', 0, 10.0022488),
(1556, 4, '2021-04-13 15:04:01', 0, 0.1821079),
(1557, 5, '2021-04-13 15:04:01', 1, 0.1008470),
(1558, 6, '2021-04-13 15:04:01', 1, 0.0012491),
(1559, 7, '2021-04-13 15:04:21', 0, 10.0103912),
(1560, 9, '2021-04-13 15:04:42', 0, 10.0079670),
(1561, 4, '2021-04-13 15:05:01', 0, 0.1637568),
(1562, 5, '2021-04-13 15:05:01', 1, 0.0913219),
(1563, 6, '2021-04-13 15:05:01', 1, 0.0012300),
(1564, 7, '2021-04-13 15:05:21', 0, 10.0006456),
(1565, 9, '2021-04-13 15:05:41', 0, 10.0103817),
(1566, 4, '2021-04-13 16:04:02', 0, 0.1678181),
(1567, 5, '2021-04-13 16:04:02', 1, 0.1072900),
(1568, 6, '2021-04-13 16:04:02', 1, 0.0012760),
(1569, 7, '2021-04-13 16:04:22', 0, 10.0034008),
(1570, 9, '2021-04-13 16:04:42', 0, 10.0104895),
(1571, 4, '2021-04-13 16:05:02', 0, 0.2086809),
(1572, 5, '2021-04-13 16:05:02', 1, 0.1156399),
(1573, 6, '2021-04-13 16:05:02', 1, 0.0012119),
(1574, 7, '2021-04-13 16:05:22', 0, 10.0034904),
(1575, 9, '2021-04-13 16:05:42', 0, 10.0039730),
(1576, 4, '2021-04-13 17:04:02', 0, 0.1960938),
(1577, 5, '2021-04-13 17:04:02', 1, 0.1907852),
(1578, 6, '2021-04-13 17:04:02', 1, 0.0012641),
(1579, 7, '2021-04-13 17:04:22', 0, 10.0104027),
(1580, 9, '2021-04-13 17:04:42', 0, 10.0103712),
(1581, 4, '2021-04-13 17:05:02', 0, 0.1688321),
(1582, 5, '2021-04-13 17:05:02', 1, 0.2013280),
(1583, 6, '2021-04-13 17:05:02', 1, 0.0013049),
(1584, 7, '2021-04-13 17:05:22', 0, 10.0103598),
(1585, 9, '2021-04-13 17:05:42', 0, 10.0103254),
(1586, 4, '2021-04-13 18:04:02', 0, 0.1832581),
(1587, 5, '2021-04-13 18:04:03', 1, 0.0973730),
(1588, 6, '2021-04-13 18:04:03', 1, 0.0006409),
(1589, 7, '2021-04-13 18:04:23', 0, 10.0103130),
(1590, 9, '2021-04-13 18:04:43', 0, 10.0102873),
(1591, 4, '2021-04-13 18:05:01', 0, 0.1614749),
(1592, 5, '2021-04-13 18:05:02', 1, 0.1982591),
(1593, 6, '2021-04-13 18:05:02', 1, 0.0012519),
(1594, 7, '2021-04-13 18:05:22', 0, 10.0104332),
(1595, 9, '2021-04-13 18:05:42', 0, 10.0004253),
(1596, 4, '2021-04-13 19:04:01', 0, 0.1748250),
(1597, 5, '2021-04-13 19:04:01', 1, 0.0911961),
(1598, 6, '2021-04-13 19:04:01', 1, 0.0011780),
(1599, 7, '2021-04-13 19:04:21', 0, 10.0099564),
(1600, 9, '2021-04-13 19:04:41', 0, 10.0102949),
(1601, 4, '2021-04-13 19:05:01', 0, 0.1559811),
(1602, 5, '2021-04-13 19:05:01', 1, 0.0842302),
(1603, 6, '2021-04-13 19:05:01', 1, 0.0012112),
(1604, 7, '2021-04-13 19:05:21', 0, 10.0093555),
(1605, 9, '2021-04-13 19:05:41', 0, 10.0103531),
(1606, 4, '2021-04-13 20:04:02', 0, 0.1930029),
(1607, 5, '2021-04-13 20:04:02', 1, 0.2019930),
(1608, 6, '2021-04-13 20:04:02', 1, 0.0013130),
(1609, 7, '2021-04-13 20:04:22', 0, 10.0103226),
(1610, 9, '2021-04-13 20:04:42', 0, 10.0102816),
(1611, 4, '2021-04-13 20:05:02', 0, 0.1582849),
(1612, 5, '2021-04-13 20:05:02', 1, 0.0986502),
(1613, 6, '2021-04-13 20:05:02', 1, 0.0012679),
(1614, 7, '2021-04-13 20:05:22', 0, 10.0109568),
(1615, 9, '2021-04-13 20:05:42', 0, 10.0103045),
(1616, 4, '2021-04-13 21:04:01', 0, 0.1433711),
(1617, 5, '2021-04-13 21:04:02', 1, 0.2007658),
(1618, 6, '2021-04-13 21:04:02', 1, 0.0011680),
(1619, 7, '2021-04-13 21:04:22', 0, 10.0102692),
(1620, 9, '2021-04-13 21:04:42', 0, 10.0103235),
(1621, 4, '2021-04-13 21:05:01', 0, 0.1887379),
(1622, 5, '2021-04-13 21:05:02', 1, 0.1727731),
(1623, 6, '2021-04-13 21:05:02', 1, 0.0012619),
(1624, 7, '2021-04-13 21:05:22', 0, 10.0102854),
(1625, 9, '2021-04-13 21:05:42', 0, 10.0103817),
(1626, 4, '2021-04-13 21:23:17', 0, 0.1736450),
(1627, 5, '2021-04-13 21:23:17', 1, 0.1798680),
(1628, 6, '2021-04-13 21:23:17', 1, 0.0012772),
(1629, 7, '2021-04-13 21:23:37', 0, 10.0103750),
(1630, 9, '2021-04-13 21:23:57', 0, 10.0104980),
(1631, 4, '2021-04-13 21:24:43', 1, 0.0496140),
(1632, 5, '2021-04-13 21:24:44', 1, 0.0955648),
(1633, 6, '2021-04-13 21:24:44', 1, 0.0012589),
(1634, 7, '2021-04-13 21:24:44', 1, 0.0007269),
(1635, 9, '2021-04-13 21:25:04', 0, 10.0103302),
(1636, 4, '2021-04-13 22:00:43', 1, 0.0806060),
(1637, 5, '2021-04-13 22:00:43', 1, 0.1673410),
(1638, 6, '2021-04-13 22:00:43', 1, 0.0013070),
(1639, 7, '2021-04-13 22:00:44', 1, 1.0241220),
(1640, 9, '2021-04-13 22:00:44', 1, 0.0005379),
(1641, 4, '2021-04-13 22:04:02', 1, 0.0823169),
(1642, 5, '2021-04-13 22:04:02', 1, 0.0929830),
(1643, 6, '2021-04-13 22:04:02', 1, 0.0012872),
(1644, 7, '2021-04-13 22:04:02', 1, 0.0006869),
(1645, 9, '2021-04-13 22:04:02', 1, 0.0003240),
(1646, 4, '2021-04-13 22:05:01', 1, 0.0487978),
(1647, 5, '2021-04-13 22:05:01', 1, 0.0878110),
(1648, 6, '2021-04-13 22:05:01', 1, 0.0012779),
(1649, 7, '2021-04-13 22:05:04', 1, 3.0822868),
(1650, 9, '2021-04-13 22:05:04', 1, 0.0003879),
(1651, 4, '2021-04-13 23:04:02', 1, 0.0782549),
(1652, 5, '2021-04-13 23:04:02', 1, 0.0958948),
(1653, 6, '2021-04-13 23:04:02', 1, 0.0012860),
(1654, 7, '2021-04-13 23:04:02', 1, 0.0007830),
(1655, 9, '2021-04-13 23:04:02', 1, 0.0004029),
(1656, 4, '2021-04-13 23:05:01', 1, 0.0835090),
(1657, 5, '2021-04-13 23:05:02', 1, 0.0849462),
(1658, 6, '2021-04-13 23:05:02', 1, 0.0012891),
(1659, 7, '2021-04-13 23:05:03', 1, 1.0455079),
(1660, 9, '2021-04-13 23:05:03', 1, 0.0003681),
(1661, 4, '2021-04-13 23:25:37', 1, 0.1010911),
(1662, 5, '2021-04-13 23:25:37', 1, 0.0994420),
(1663, 6, '2021-04-13 23:25:37', 1, 0.0013700),
(1664, 7, '2021-04-13 23:25:57', 0, 10.0103130),
(1665, 9, '2021-04-13 23:25:58', 1, 0.0005200),
(1666, 4, '2021-04-14 00:04:02', 1, 0.0673220),
(1667, 5, '2021-04-14 00:04:02', 1, 0.0886099),
(1668, 6, '2021-04-14 00:04:02', 1, 0.0013218),
(1669, 7, '2021-04-14 00:04:22', 0, 10.0094624),
(1670, 9, '2021-04-14 00:04:22', 1, 0.0005481),
(1671, 4, '2021-04-14 00:05:01', 1, 0.1279051),
(1672, 5, '2021-04-14 00:05:02', 1, 0.1922760),
(1673, 6, '2021-04-14 00:05:02', 1, 0.0011921),
(1674, 7, '2021-04-14 00:05:22', 0, 10.0029526),
(1675, 9, '2021-04-14 00:05:22', 1, 0.0004439),
(1676, 4, '2021-04-14 01:04:02', 1, 0.0998619),
(1677, 5, '2021-04-14 01:04:02', 1, 0.1146328),
(1678, 6, '2021-04-14 01:04:02', 1, 0.0012410),
(1679, 7, '2021-04-14 01:04:22', 0, 10.0099001),
(1680, 9, '2021-04-14 01:04:22', 1, 0.0005379),
(1681, 4, '2021-04-14 01:05:01', 1, 0.0817132),
(1682, 5, '2021-04-14 01:05:01', 1, 0.0860288),
(1683, 6, '2021-04-14 01:05:01', 1, 0.0012269),
(1684, 7, '2021-04-14 01:05:21', 0, 10.0103254),
(1685, 9, '2021-04-14 01:05:21', 1, 0.0004971),
(1686, 4, '2021-04-14 02:04:02', 1, 0.1041448),
(1687, 5, '2021-04-14 02:04:02', 1, 0.1877091),
(1688, 6, '2021-04-14 02:04:02', 1, 0.0013812),
(1689, 7, '2021-04-14 02:04:22', 0, 10.0102873),
(1690, 9, '2021-04-14 02:04:22', 1, 0.0005841),
(1691, 4, '2021-04-14 02:05:01', 1, 0.0917261),
(1692, 5, '2021-04-14 02:05:01', 1, 0.1706510),
(1693, 6, '2021-04-14 02:05:01', 1, 0.0012400),
(1694, 7, '2021-04-14 02:05:21', 0, 10.0104694),
(1695, 9, '2021-04-14 02:05:21', 1, 0.0003650),
(1696, 4, '2021-04-14 03:04:02', 1, 0.0988851),
(1697, 5, '2021-04-14 03:04:02', 1, 0.1702690),
(1698, 6, '2021-04-14 03:04:02', 1, 0.0012910),
(1699, 7, '2021-04-14 03:04:22', 0, 10.0039864),
(1700, 9, '2021-04-14 03:04:22', 1, 0.0004549),
(1701, 4, '2021-04-14 03:05:01', 1, 0.0855541),
(1702, 5, '2021-04-14 03:05:02', 1, 0.1831081),
(1703, 6, '2021-04-14 03:05:02', 1, 0.0012860),
(1704, 7, '2021-04-14 03:05:22', 0, 10.0103188),
(1705, 9, '2021-04-14 03:05:22', 1, 0.0004520),
(1706, 4, '2021-04-14 04:04:02', 1, 0.2112579),
(1707, 5, '2021-04-14 04:04:02', 1, 0.3202538),
(1708, 6, '2021-04-14 04:04:02', 1, 0.0605850),
(1709, 7, '2021-04-14 04:04:22', 0, 10.0102777),
(1710, 9, '2021-04-14 04:04:22', 1, 0.0005209),
(1711, 4, '2021-04-14 04:05:01', 1, 0.2088740),
(1712, 5, '2021-04-14 04:05:02', 1, 0.2936339),
(1713, 6, '2021-04-14 04:05:02', 1, 0.0605390),
(1714, 7, '2021-04-14 04:05:22', 0, 10.0051308),
(1715, 9, '2021-04-14 04:05:22', 1, 0.0004308),
(1716, 4, '2021-04-14 05:04:01', 1, 0.1834569),
(1717, 5, '2021-04-14 05:04:01', 1, 0.2300270),
(1718, 6, '2021-04-14 05:04:01', 1, 0.0606098),
(1719, 7, '2021-04-14 05:04:22', 0, 10.0005484),
(1720, 9, '2021-04-14 05:04:22', 1, 0.0006151),
(1721, 4, '2021-04-14 05:05:01', 1, 0.2068350),
(1722, 5, '2021-04-14 05:05:01', 1, 0.2624049),
(1723, 6, '2021-04-14 05:05:01', 1, 0.0636590),
(1724, 7, '2021-04-14 05:05:21', 0, 10.0103502),
(1725, 9, '2021-04-14 05:05:21', 1, 0.0005250),
(1726, 4, '2021-04-14 06:04:01', 1, 0.0812101),
(1727, 5, '2021-04-14 06:04:01', 1, 0.0965221),
(1728, 6, '2021-04-14 06:04:01', 1, 0.0013001),
(1729, 7, '2021-04-14 06:04:21', 0, 10.0098324),
(1730, 9, '2021-04-14 06:04:21', 1, 0.0004809),
(1731, 4, '2021-04-14 06:05:02', 1, 0.0797050),
(1732, 5, '2021-04-14 06:05:02', 1, 0.1065500),
(1733, 6, '2021-04-14 06:05:02', 1, 0.0012670),
(1734, 7, '2021-04-14 06:05:22', 0, 10.0045261),
(1735, 9, '2021-04-14 06:05:22', 1, 0.0004299),
(1736, 4, '2021-04-14 07:04:02', 1, 0.0810449),
(1737, 5, '2021-04-14 07:04:02', 1, 0.1763911),
(1738, 6, '2021-04-14 07:04:02', 1, 0.0012989),
(1739, 7, '2021-04-14 07:04:22', 0, 10.0103254),
(1740, 9, '2021-04-14 07:04:22', 1, 0.0005519),
(1741, 4, '2021-04-14 07:05:01', 1, 0.0782230),
(1742, 5, '2021-04-14 07:05:03', 1, 1.1611080),
(1743, 6, '2021-04-14 07:05:03', 1, 0.0011840),
(1744, 7, '2021-04-14 07:05:23', 0, 10.0072699),
(1745, 9, '2021-04-14 07:05:23', 1, 0.0004930),
(1746, 4, '2021-04-14 08:04:02', 1, 0.0999601),
(1747, 5, '2021-04-14 08:04:02', 1, 0.1735640),
(1748, 6, '2021-04-14 08:04:02', 1, 0.0012510),
(1749, 7, '2021-04-14 08:04:22', 0, 10.0102835),
(1750, 9, '2021-04-14 08:04:22', 1, 0.0005562),
(1751, 4, '2021-04-14 08:05:01', 1, 0.0634670),
(1752, 5, '2021-04-14 08:05:02', 1, 0.1884580),
(1753, 6, '2021-04-14 08:05:02', 1, 0.0012670),
(1754, 7, '2021-04-14 08:05:22', 0, 10.0110083),
(1755, 9, '2021-04-14 08:05:22', 1, 0.0004399),
(1756, 4, '2021-04-14 09:04:01', 1, 0.1264830),
(1757, 5, '2021-04-14 09:04:01', 1, 0.1129909),
(1758, 6, '2021-04-14 09:04:01', 1, 0.0012369),
(1759, 7, '2021-04-14 09:04:21', 0, 10.0103045),
(1760, 9, '2021-04-14 09:04:21', 1, 0.0005178),
(1761, 4, '2021-04-14 09:05:01', 1, 0.0813820),
(1762, 5, '2021-04-14 09:05:01', 1, 0.0987139),
(1763, 6, '2021-04-14 09:05:01', 1, 0.0012839),
(1764, 7, '2021-04-14 09:05:21', 0, 10.0103312),
(1765, 9, '2021-04-14 09:05:21', 1, 0.0004339),
(1766, 4, '2021-04-14 10:04:01', 1, 0.0996301),
(1767, 5, '2021-04-14 10:04:02', 1, 0.1929340),
(1768, 6, '2021-04-14 10:04:02', 1, 0.0013421),
(1769, 7, '2021-04-14 10:04:22', 0, 10.0103302),
(1770, 9, '2021-04-14 10:04:22', 1, 0.0005651),
(1771, 4, '2021-04-14 10:05:01', 1, 0.0789828),
(1772, 5, '2021-04-14 10:05:01', 1, 0.1839881),
(1773, 6, '2021-04-14 10:05:01', 1, 0.0012569),
(1774, 7, '2021-04-14 10:05:21', 0, 10.0095882),
(1775, 9, '2021-04-14 10:05:21', 1, 0.0004132),
(1776, 4, '2021-04-14 10:40:09', 1, 0.1247818),
(1777, 5, '2021-04-14 10:40:09', 1, 0.1772621),
(1778, 6, '2021-04-14 10:40:09', 1, 0.0012231),
(1779, 7, '2021-04-14 10:40:29', 0, 10.0103474),
(1780, 9, '2021-04-14 10:40:29', 1, 0.0006239),
(1781, 4, '2021-04-14 10:42:39', 1, 0.0647051),
(1782, 5, '2021-04-14 10:42:40', 1, 0.1787651),
(1783, 6, '2021-04-14 10:42:40', 1, 0.0012720),
(1784, 7, '2021-04-14 10:43:00', 0, 10.0103455),
(1785, 9, '2021-04-14 10:43:00', 1, 0.0004251),
(1786, 4, '2021-04-14 11:04:02', 1, 0.1104560),
(1787, 5, '2021-04-14 11:04:02', 1, 0.1922889),
(1788, 6, '2021-04-14 11:04:02', 1, 0.0012050),
(1789, 7, '2021-04-14 11:04:22', 0, 10.0099878),
(1790, 9, '2021-04-14 11:04:22', 1, 0.0005600),
(1791, 4, '2021-04-14 11:05:01', 1, 0.0812159),
(1792, 5, '2021-04-14 11:05:02', 1, 0.1850748),
(1793, 6, '2021-04-14 11:05:02', 1, 0.0012290),
(1794, 7, '2021-04-14 11:05:22', 0, 10.0123549),
(1795, 9, '2021-04-14 11:05:22', 1, 0.0004480),
(1796, 4, '2021-04-14 12:04:02', 1, 0.0718920),
(1797, 5, '2021-04-14 12:04:02', 1, 0.1954091),
(1798, 6, '2021-04-14 12:04:02', 1, 0.0006871),
(1799, 7, '2021-04-14 12:04:22', 0, 10.0102911),
(1800, 9, '2021-04-14 12:04:22', 1, 0.0005388),
(1801, 4, '2021-04-14 12:05:01', 1, 0.0743051),
(1802, 5, '2021-04-14 12:05:02', 1, 0.1817799),
(1803, 6, '2021-04-14 12:05:02', 1, 0.0013380),
(1804, 7, '2021-04-14 12:05:22', 0, 10.0039692),
(1805, 9, '2021-04-14 12:05:22', 1, 0.0004249),
(1806, 4, '2021-04-14 13:04:02', 1, 0.1054471),
(1807, 5, '2021-04-14 13:04:02', 1, 0.1904950),
(1808, 6, '2021-04-14 13:04:02', 1, 0.0013709),
(1809, 7, '2021-04-14 13:04:22', 0, 10.0103102),
(1810, 9, '2021-04-14 13:04:22', 1, 0.0004878),
(1811, 4, '2021-04-14 13:05:01', 1, 0.0785840),
(1812, 5, '2021-04-14 13:05:02', 1, 0.2360671),
(1813, 6, '2021-04-14 13:05:02', 1, 0.0013540),
(1814, 7, '2021-04-14 13:05:22', 0, 10.0098228),
(1815, 9, '2021-04-14 13:05:22', 1, 0.0004520),
(1816, 4, '2021-04-14 14:04:01', 1, 0.1008041),
(1817, 5, '2021-04-14 14:04:02', 1, 0.1898031),
(1818, 6, '2021-04-14 14:04:02', 1, 0.0013640),
(1819, 7, '2021-04-14 14:04:22', 0, 10.0102749),
(1820, 9, '2021-04-14 14:04:22', 1, 0.0005178),
(1821, 4, '2021-04-14 14:05:01', 1, 0.0805640),
(1822, 5, '2021-04-14 14:05:01', 1, 0.1925750),
(1823, 6, '2021-04-14 14:05:01', 1, 0.0012650),
(1824, 7, '2021-04-14 14:05:21', 0, 10.0018368),
(1825, 9, '2021-04-14 14:05:21', 1, 0.0005209),
(1826, 4, '2021-04-14 14:39:35', 1, 0.0799911),
(1827, 5, '2021-04-14 14:39:35', 1, 0.1849329),
(1828, 6, '2021-04-14 14:39:35', 1, 0.0014012),
(1829, 7, '2021-04-14 14:39:55', 0, 10.0103474),
(1830, 9, '2021-04-14 14:39:55', 1, 0.0006268),
(1831, 4, '2021-04-14 15:04:02', 1, 0.0849531),
(1832, 5, '2021-04-14 15:04:02', 1, 0.1866541),
(1833, 6, '2021-04-14 15:04:02', 1, 0.0013192),
(1834, 7, '2021-04-14 15:04:22', 0, 10.0024157),
(1835, 9, '2021-04-14 15:04:22', 1, 0.0006139),
(1836, 4, '2021-04-14 15:05:02', 1, 0.0919871),
(1837, 5, '2021-04-14 15:05:02', 1, 0.1717100),
(1838, 6, '2021-04-14 15:05:02', 1, 0.0012600),
(1839, 7, '2021-04-14 15:05:22', 0, 10.0101843),
(1840, 9, '2021-04-14 15:05:22', 1, 0.0005059),
(1841, 4, '2021-04-14 16:04:02', 1, 0.1071048),
(1842, 5, '2021-04-14 16:04:02', 1, 0.1842461),
(1843, 6, '2021-04-14 16:04:02', 1, 0.0012670),
(1844, 7, '2021-04-14 16:04:22', 0, 10.0101080),
(1845, 9, '2021-04-14 16:04:22', 1, 0.0062590),
(1846, 4, '2021-04-14 16:05:01', 1, 0.1389830),
(1847, 5, '2021-04-14 16:05:02', 1, 0.1772630),
(1848, 6, '2021-04-14 16:05:02', 1, 0.0012681),
(1849, 7, '2021-04-14 16:05:22', 0, 10.0031986),
(1850, 9, '2021-04-14 16:05:22', 1, 0.0004551),
(1851, 4, '2021-04-14 17:04:02', 1, 0.0853930),
(1852, 5, '2021-04-14 17:04:02', 1, 0.1178370),
(1853, 6, '2021-04-14 17:04:02', 1, 0.0012650),
(1854, 7, '2021-04-14 17:04:22', 0, 10.0099421),
(1855, 9, '2021-04-14 17:04:22', 1, 0.0006030),
(1856, 4, '2021-04-14 17:05:02', 1, 0.1092420),
(1857, 5, '2021-04-14 17:05:02', 1, 0.1017420),
(1858, 6, '2021-04-14 17:05:02', 1, 0.0013099),
(1859, 7, '2021-04-14 17:05:22', 0, 10.0104799),
(1860, 9, '2021-04-14 17:05:22', 1, 0.0004630),
(1861, 4, '2021-04-14 18:04:02', 1, 0.0790582),
(1862, 5, '2021-04-14 18:04:02', 1, 0.1791270),
(1863, 6, '2021-04-14 18:04:02', 1, 0.0013881),
(1864, 7, '2021-04-14 18:04:22', 0, 10.0103569),
(1865, 9, '2021-04-14 18:04:22', 1, 0.0005801),
(1866, 4, '2021-04-14 18:05:01', 1, 0.0670462),
(1867, 5, '2021-04-14 18:05:01', 1, 0.1928520),
(1868, 6, '2021-04-14 18:05:01', 1, 0.0012660),
(1869, 7, '2021-04-14 18:05:21', 0, 10.0099754),
(1870, 9, '2021-04-14 18:05:21', 1, 0.0004981),
(1871, 4, '2021-04-14 19:04:01', 1, 0.0838599),
(1872, 5, '2021-04-14 19:04:01', 1, 0.0968320),
(1873, 6, '2021-04-14 19:04:01', 1, 0.0013001),
(1874, 7, '2021-04-14 19:04:21', 0, 10.0034266),
(1875, 9, '2021-04-14 19:04:21', 1, 0.0024471),
(1876, 4, '2021-04-14 19:05:01', 1, 0.0843551),
(1877, 5, '2021-04-14 19:05:01', 1, 0.1817350),
(1878, 6, '2021-04-14 19:05:01', 1, 0.0013070),
(1879, 7, '2021-04-14 19:05:21', 0, 10.0087891),
(1880, 9, '2021-04-14 19:05:21', 1, 0.0004880),
(1881, 4, '2021-04-14 20:04:01', 1, 0.0671980),
(1882, 5, '2021-04-14 20:04:01', 1, 0.1676199),
(1883, 6, '2021-04-14 20:04:01', 1, 0.0012980),
(1884, 7, '2021-04-14 20:04:21', 0, 10.0102949),
(1885, 9, '2021-04-14 20:04:21', 1, 0.0014720),
(1886, 4, '2021-04-14 20:05:02', 1, 0.0908871),
(1887, 5, '2021-04-14 20:05:02', 1, 0.1961288),
(1888, 6, '2021-04-14 20:05:02', 1, 0.0013130),
(1889, 7, '2021-04-14 20:05:22', 0, 10.0102968),
(1890, 9, '2021-04-14 20:05:22', 1, 0.0004640),
(1891, 4, '2021-04-14 21:04:01', 1, 0.0802040),
(1892, 5, '2021-04-14 21:04:02', 1, 0.1910350),
(1893, 6, '2021-04-14 21:04:02', 1, 0.0013340),
(1894, 7, '2021-04-14 21:04:22', 0, 10.0103321),
(1895, 9, '2021-04-14 21:04:22', 1, 0.0005801),
(1896, 4, '2021-04-14 21:05:01', 1, 0.0884850),
(1897, 5, '2021-04-14 21:05:01', 1, 0.1745901),
(1898, 6, '2021-04-14 21:05:01', 1, 0.0014181),
(1899, 7, '2021-04-14 21:05:21', 0, 10.0103140),
(1900, 9, '2021-04-14 21:05:21', 1, 0.0005040),
(1901, 4, '2021-04-14 22:04:01', 1, 0.0898240),
(1902, 5, '2021-04-14 22:04:01', 1, 0.1776042),
(1903, 6, '2021-04-14 22:04:01', 1, 0.0012579),
(1904, 7, '2021-04-14 22:04:21', 0, 10.0027561),
(1905, 9, '2021-04-14 22:04:21', 1, 0.0005560),
(1906, 4, '2021-04-14 22:05:02', 1, 0.0823281),
(1907, 5, '2021-04-14 22:05:02', 1, 0.1939800),
(1908, 6, '2021-04-14 22:05:02', 1, 0.0011790),
(1909, 7, '2021-04-14 22:05:22', 0, 10.0105743),
(1910, 9, '2021-04-14 22:05:22', 1, 0.0004780),
(1911, 4, '2021-04-14 23:04:01', 1, 0.0788159),
(1912, 5, '2021-04-14 23:04:01', 1, 0.0978580),
(1913, 6, '2021-04-14 23:04:01', 1, 0.0013239),
(1914, 7, '2021-04-14 23:04:21', 0, 10.0103540),
(1915, 9, '2021-04-14 23:04:21', 1, 0.0005538),
(1916, 4, '2021-04-14 23:05:02', 1, 0.0871809),
(1917, 5, '2021-04-14 23:05:02', 1, 0.1759059),
(1918, 6, '2021-04-14 23:05:02', 1, 0.0013711),
(1919, 7, '2021-04-14 23:05:22', 0, 10.0103207),
(1920, 9, '2021-04-14 23:05:22', 1, 0.0004361),
(1921, 4, '2021-04-15 00:04:02', 1, 0.1019721),
(2057, 5, '2021-04-15 13:05:02', 1, 0.1890960),
(2058, 6, '2021-04-15 13:05:02', 1, 0.0013242),
(2059, 7, '2021-04-15 13:05:22', 0, 10.0102940),
(2060, 9, '2021-04-15 13:05:22', 1, 0.0003960),
(2061, 4, '2021-04-15 14:04:02', 1, 0.1054139),
(2062, 5, '2021-04-15 14:04:02', 1, 0.1870830),
(2063, 6, '2021-04-15 14:04:02', 1, 0.0012610),
(2064, 7, '2021-04-15 14:04:22', 0, 10.0102901),
(2065, 9, '2021-04-15 14:04:22', 1, 0.0006359),
(2066, 4, '2021-04-15 14:05:01', 1, 0.0863280),
(2067, 5, '2021-04-15 14:05:02', 1, 0.1148589),
(2068, 6, '2021-04-15 14:05:02', 1, 0.0013740),
(2069, 7, '2021-04-15 14:05:22', 0, 10.0129662),
(2070, 9, '2021-04-15 14:05:22', 1, 0.0004780),
(2071, 4, '2021-04-15 15:04:01', 1, 0.0887070),
(2072, 5, '2021-04-15 15:04:02', 1, 0.1174119),
(2073, 6, '2021-04-15 15:04:02', 1, 0.0012460),
(2074, 7, '2021-04-15 15:04:22', 0, 10.0103254),
(2075, 9, '2021-04-15 15:04:22', 1, 0.0006092),
(2076, 4, '2021-04-15 15:05:01', 1, 0.0831761),
(2077, 5, '2021-04-15 15:05:01', 1, 0.0973868),
(2078, 6, '2021-04-15 15:05:01', 1, 0.0013070),
(2079, 7, '2021-04-15 15:05:21', 0, 10.0027838),
(2080, 9, '2021-04-15 15:05:21', 1, 0.0003960),
(2081, 4, '2021-04-15 16:04:01', 1, 0.1040940),
(2082, 5, '2021-04-15 16:04:02', 1, 0.0979900),
(2083, 6, '2021-04-15 16:04:02', 1, 0.0012879),
(2084, 7, '2021-04-15 16:04:22', 0, 10.0103502),
(2085, 9, '2021-04-15 16:04:22', 1, 0.0005660),
(2086, 4, '2021-04-15 16:05:01', 1, 0.0799019),
(2087, 5, '2021-04-15 16:05:01', 1, 0.2073779),
(2088, 6, '2021-04-15 16:05:01', 1, 0.0013020),
(2089, 7, '2021-04-15 16:05:21', 0, 10.0102854),
(2090, 9, '2021-04-15 16:05:21', 1, 0.0004761),
(2091, 4, '2021-04-15 17:04:01', 1, 0.0940061),
(2092, 5, '2021-04-15 17:04:02', 1, 0.1335628),
(2093, 6, '2021-04-15 17:04:02', 1, 0.0012372),
(2094, 7, '2021-04-15 17:04:22', 0, 10.0102386),
(2095, 9, '2021-04-15 17:04:22', 1, 0.0006180),
(2096, 4, '2021-04-15 17:05:01', 1, 0.0713429),
(2097, 5, '2021-04-15 17:05:01', 1, 0.1306968),
(2098, 6, '2021-04-15 17:05:01', 1, 0.0013239),
(2099, 7, '2021-04-15 17:05:21', 0, 10.0099640),
(2100, 9, '2021-04-15 17:05:21', 1, 0.0004749),
(2101, 4, '2021-04-15 18:04:01', 1, 0.0907090),
(2102, 5, '2021-04-15 18:04:01', 1, 0.2126830),
(2103, 6, '2021-04-15 18:04:01', 1, 0.0013061),
(2104, 7, '2021-04-15 18:04:21', 0, 10.0103092),
(2105, 9, '2021-04-15 18:04:21', 1, 0.0006790),
(2106, 4, '2021-04-15 18:05:02', 1, 0.0823071),
(2107, 5, '2021-04-15 18:05:02', 1, 0.1244841),
(2108, 6, '2021-04-15 18:05:02', 1, 0.0012350),
(2109, 7, '2021-04-15 18:05:22', 0, 10.0025730),
(2110, 9, '2021-04-15 18:05:22', 1, 0.0004699),
(2111, 4, '2021-04-15 19:04:01', 1, 0.1085222),
(2112, 5, '2021-04-15 19:04:01', 1, 0.2810550),
(2113, 6, '2021-04-15 19:04:01', 1, 0.0013609),
(2114, 7, '2021-04-15 19:04:21', 0, 10.0103006),
(2115, 9, '2021-04-15 19:04:22', 1, 0.0006881),
(2116, 4, '2021-04-15 19:05:01', 1, 0.0966120),
(2117, 5, '2021-04-15 19:05:01', 1, 0.1983459),
(2118, 6, '2021-04-15 19:05:01', 1, 0.0012670),
(2119, 7, '2021-04-15 19:05:21', 0, 10.0103302),
(2120, 9, '2021-04-15 19:05:21', 1, 0.0004458),
(2121, 4, '2021-04-15 20:04:02', 1, 0.1017470),
(2122, 5, '2021-04-15 20:04:02', 1, 0.1774380),
(2123, 6, '2021-04-15 20:04:02', 1, 0.0013039),
(2124, 7, '2021-04-15 20:04:22', 0, 10.0103140),
(2125, 9, '2021-04-15 20:04:22', 1, 0.0005991),
(2126, 4, '2021-04-15 20:05:01', 1, 0.0948458),
(2127, 5, '2021-04-15 20:05:02', 1, 0.1697869),
(2128, 6, '2021-04-15 20:05:02', 1, 0.0012600),
(2129, 7, '2021-04-15 20:05:22', 0, 10.0103064),
(2130, 9, '2021-04-15 20:05:22', 1, 0.0004451),
(2131, 4, '2021-04-15 21:04:01', 1, 0.0820570),
(2132, 5, '2021-04-15 21:04:01', 1, 0.1154039),
(2133, 6, '2021-04-15 21:04:01', 1, 0.0013280),
(2134, 7, '2021-04-15 21:04:21', 0, 10.0103416),
(2135, 9, '2021-04-15 21:04:21', 1, 0.0006020),
(2136, 4, '2021-04-15 21:05:01', 1, 0.0807920),
(2137, 5, '2021-04-15 21:05:01', 1, 0.0942302),
(2138, 6, '2021-04-15 21:05:01', 1, 0.0012631),
(2139, 7, '2021-04-15 21:05:21', 0, 10.0025854),
(2140, 9, '2021-04-15 21:05:21', 1, 0.0004809),
(2141, 4, '2021-04-15 22:04:01', 1, 0.0965450),
(2142, 5, '2021-04-15 22:04:01', 1, 0.1761751),
(2143, 6, '2021-04-15 22:04:01', 1, 0.0012941),
(2144, 7, '2021-04-15 22:04:21', 0, 10.0020542),
(2145, 9, '2021-04-15 22:04:21', 1, 0.0005660),
(2146, 4, '2021-04-15 22:05:02', 1, 0.0784791),
(2147, 5, '2021-04-15 22:05:02', 1, 0.1756179),
(2148, 6, '2021-04-15 22:05:02', 1, 0.0012269),
(2149, 7, '2021-04-15 22:05:22', 0, 10.0103064),
(2150, 9, '2021-04-15 22:05:22', 1, 0.0004621),
(2151, 4, '2021-04-15 23:04:01', 1, 0.1261129),
(2152, 5, '2021-04-15 23:04:01', 1, 0.1808150),
(2153, 6, '2021-04-15 23:04:01', 1, 0.0013621),
(2154, 7, '2021-04-15 23:04:21', 0, 10.0103569),
(2155, 9, '2021-04-15 23:04:21', 1, 0.0007970),
(2156, 4, '2021-04-15 23:05:02', 1, 0.0965788),
(2157, 5, '2021-04-15 23:05:02', 1, 0.1964900),
(2158, 6, '2021-04-15 23:05:02', 1, 0.0012970),
(2159, 7, '2021-04-15 23:05:22', 0, 10.0103178),
(2160, 9, '2021-04-15 23:05:22', 1, 0.0005050),
(2161, 4, '2021-04-16 00:04:01', 1, 0.0801921),
(2632, 5, '2021-04-17 23:04:02', 1, 0.1179399),
(2633, 6, '2021-04-17 23:04:02', 1, 0.0012639),
(2634, 7, '2021-04-17 23:04:22', 0, 10.0103388),
(2635, 9, '2021-04-17 23:04:22', 1, 0.0065958),
(2636, 4, '2021-04-17 23:05:01', 1, 0.0999091),
(2637, 5, '2021-04-17 23:05:01', 1, 0.1104941),
(2638, 6, '2021-04-17 23:05:01', 1, 0.0014071),
(2639, 7, '2021-04-17 23:05:21', 0, 10.0093431),
(2640, 9, '2021-04-17 23:05:21', 1, 0.0005240),
(2641, 4, '2021-04-18 00:04:02', 1, 0.1024151);

-- --------------------------------------------------------

--
-- Estrutura da tabela `psm_users`
--

CREATE TABLE `psm_users` (
  `user_id` int(11) UNSIGNED NOT NULL,
  `user_name` varchar(64) NOT NULL COMMENT 'user''s name, unique',
  `password` varchar(255) NOT NULL COMMENT 'user''s password in salted and hashed format',
  `password_reset_hash` char(40) DEFAULT NULL COMMENT 'user''s password reset code',
  `password_reset_timestamp` bigint(20) DEFAULT NULL COMMENT 'timestamp of the password reset request',
  `rememberme_token` varchar(64) DEFAULT NULL COMMENT 'user''s remember-me cookie token',
  `level` tinyint(2) UNSIGNED NOT NULL DEFAULT 20,
  `name` varchar(255) NOT NULL,
  `mobile` varchar(15) NOT NULL,
  `discord` varchar(255) NOT NULL,
  `pushover_key` varchar(255) NOT NULL,
  `pushover_device` varchar(255) NOT NULL,
  `webhook_url` varchar(255) NOT NULL,
  `webhook_json` varchar(255) NOT NULL DEFAULT '{"text":"servermon: #message"}',
  `telegram_id` varchar(255) NOT NULL,
  `jabber` varchar(255) NOT NULL,
  `email` varchar(255) NOT NULL
) ENGINE=MyISAM DEFAULT CHARSET=utf8;

--
-- Extraindo dados da tabela `psm_users`
--

INSERT INTO `psm_users` (`user_id`, `user_name`, `password`, `password_reset_hash`, `password_reset_timestamp`, `rememberme_token`, `level`, `name`, `mobile`, `discord`, `pushover_key`, `pushover_device`, `webhook_url`, `webhook_json`, `telegram_id`, `jabber`, `email`) VALUES
(1, 'xpto', '$2y$10$/H5Yl/w/zjULeE/jGLnpTeH9fmUHTEckKlkGx1zwwolrAVy2Gqph6', NULL, NULL, NULL, 10, 'xpto', '', '', '', '', 'https://webhook.site/6c6b1958-d583-4916-9bfe-12807fff8332', '{ \"text\":\"servermon: #message\"}', '', '', 'xpto@myhubdns.us'),
(3, 'julio', '$2y$10$YdLQZ7zJK1Z5v0oiFyVEiuxITg3HMynbi/3EcrjNtgeIUGeHff5si', NULL, NULL, NULL, 20, 'Júlio Márcio', '', '', '', '', '', '', 'jmmds14', '', 'email@email.com'),
(4, 'usuario', '$2y$10$qOiMaQwyyZ5PTMzhdKZokugNM/PisOlnEkjgFuRUJXre/UZmLI8tG', NULL, NULL, NULL, 20, 'Convidado', '', '', '', '', '', '', '', '', 'convidado@yopmail.com'),
(5, 'clecyo', '$2y$10$NJMr6.1tvL89NEVoTSLSvOpfPt91u1Kq5zbfwMbO.7td2JsuFmE3u', NULL, NULL, NULL, 10, 'Clecyo', '', '', '', '', '', '', '', '', 'email@email.com'),
(6, 'romulo', '$2y$10$L0tP8B4YZHRQgQqTO08s3.U/bbnveO/FkvQiRdveYuv5fstUWlw7S', NULL, NULL, NULL, 10, 'Rômulo', '', '', '', '', '', '', '', '', 'email@email.com'),
(7, 'joao', '$2y$10$L6tDqbnkIReLOcNKEUV3q.gWerBWVAQXS2BjjCwxNBdDQgaZeJu2S', NULL, NULL, NULL, 10, 'João Gabriel', '', '', '', '', '', '', '', '', 'email@email.com');

-- --------------------------------------------------------

--
-- Estrutura da tabela `psm_users_preferences`
--

CREATE TABLE `psm_users_preferences` (
  `user_id` int(11) UNSIGNED NOT NULL,
  `key` varchar(255) NOT NULL,
  `value` varchar(255) NOT NULL
) ENGINE=MyISAM DEFAULT CHARSET=utf8;

--
-- Extraindo dados da tabela `psm_users_preferences`
--

INSERT INTO `psm_users_preferences` (`user_id`, `key`, `value`) VALUES
(1, 'status_layout', '1');

-- --------------------------------------------------------

--
-- Estrutura da tabela `psm_users_servers`
--

CREATE TABLE `psm_users_servers` (
  `user_id` int(11) UNSIGNED NOT NULL,
  `server_id` int(11) UNSIGNED NOT NULL
) ENGINE=MyISAM DEFAULT CHARSET=utf8;

--
-- Extraindo dados da tabela `psm_users_servers`
--

INSERT INTO `psm_users_servers` (`user_id`, `server_id`) VALUES
(1, 4),
(3, 4),
(3, 5),
(3, 6),
(3, 7),
(3, 9),
(4, 4),
(4, 5),
(4, 6),
(4, 7),
(4, 9),
(5, 4),
(5, 5),
(5, 6),
(5, 7),
(5, 9),
(6, 4),
(6, 5),
(6, 6),
(6, 7),
(6, 9),
(7, 4),
(7, 5),
(7, 6),
(7, 7),
(7, 9);

--
-- Índices para tabelas despejadas
--

--
-- Índices para tabela `psm_config`
--
ALTER TABLE `psm_config`
  ADD PRIMARY KEY (`key`);

--
-- Índices para tabela `psm_log`
--
ALTER TABLE `psm_log`
  ADD PRIMARY KEY (`log_id`);

--
-- Índices para tabela `psm_log_users`
--
ALTER TABLE `psm_log_users`
  ADD PRIMARY KEY (`log_id`,`user_id`);

--
-- Índices para tabela `psm_servers`
--
ALTER TABLE `psm_servers`
  ADD PRIMARY KEY (`server_id`);

--
-- Índices para tabela `psm_servers_history`
--
ALTER TABLE `psm_servers_history`
  ADD PRIMARY KEY (`servers_history_id`),
  ADD UNIQUE KEY `server_id_date` (`server_id`,`date`);

--
-- Índices para tabela `psm_servers_uptime`
--
ALTER TABLE `psm_servers_uptime`
  ADD PRIMARY KEY (`servers_uptime_id`),
  ADD KEY `server_id` (`server_id`);

--
-- Índices para tabela `psm_users`
--
ALTER TABLE `psm_users`
  ADD PRIMARY KEY (`user_id`),
  ADD UNIQUE KEY `unique_username` (`user_name`);

--
-- Índices para tabela `psm_users_preferences`
--
ALTER TABLE `psm_users_preferences`
  ADD PRIMARY KEY (`user_id`,`key`);

--
-- Índices para tabela `psm_users_servers`
--
ALTER TABLE `psm_users_servers`
  ADD PRIMARY KEY (`user_id`,`server_id`);

--
-- AUTO_INCREMENT de tabelas despejadas
--

--
-- AUTO_INCREMENT de tabela `psm_log`
--
ALTER TABLE `psm_log`
  MODIFY `log_id` int(11) UNSIGNED NOT NULL AUTO_INCREMENT, AUTO_INCREMENT=84;

--
-- AUTO_INCREMENT de tabela `psm_servers`
--
ALTER TABLE `psm_servers`
  MODIFY `server_id` int(11) UNSIGNED NOT NULL AUTO_INCREMENT, AUTO_INCREMENT=10;

--
-- AUTO_INCREMENT de tabela `psm_servers_history`
--
ALTER TABLE `psm_servers_history`
  MODIFY `servers_history_id` int(11) UNSIGNED NOT NULL AUTO_INCREMENT, AUTO_INCREMENT=21;

--
-- AUTO_INCREMENT de tabela `psm_servers_uptime`
--
ALTER TABLE `psm_servers_uptime`
  MODIFY `servers_uptime_id` int(11) UNSIGNED NOT NULL AUTO_INCREMENT, AUTO_INCREMENT=2791;

--
-- AUTO_INCREMENT de tabela `psm_users`
--
ALTER TABLE `psm_users`
  MODIFY `user_id` int(11) UNSIGNED NOT NULL AUTO_INCREMENT, AUTO_INCREMENT=8;
COMMIT;

/*!40101 SET CHARACTER_SET_CLIENT=@OLD_CHARACTER_SET_CLIENT */;
/*!40101 SET CHARACTER_SET_RESULTS=@OLD_CHARACTER_SET_RESULTS */;
/*!40101 SET COLLATION_CONNECTION=@OLD_COLLATION_CONNECTION */;
